Store ID ,Store_Area,Items_Available,Daily_Customer_Count,Store_Sales,DATE,name,gender,country_name,age
1,1659,1961,530,66490,01-01-2023,Customer 1,Male,Brazil,41
2,1461,1752,210,39820,02-01-2023,Customer 2,Female,UK,40
3,1340,1609,720,54010,03-01-2023,Customer 3,Male,China,48
4,1451,1748,620,53730,04-01-2023,Customer 4,Male,UK,19
5,1770,2111,450,46620,05-01-2023,Customer 5,Female,UK,49
6,1442,1733,760,45260,06-01-2023,Customer 6,Female,France,31
7,1542,1858,,72240,07-01-2023,Customer 7,Female,Germany,40
8,1261,1507,,37720,08-01-2023,Customer 8,Female,India,59
9,1090,1321,,46310,09-01-2023,Customer 9,Female,India,54
10,1030,1235,,44150,10-01-2023,Customer 10,Female,Australia,30
11,1187,1439,1090,71280,11-01-2023,Customer 11,Male,Canada,33
12,1751,2098,720,57620,12-01-2023,Customer 12,Male,Germany,64
13,1746,2064,1050,60470,13-01-2023,Customer 13,Female,Germany,45
14,1615,1931,1160,59130,14-01-2023,Customer 14,Female,China,24
15,1469,1756,770,66360,15-01-2023,Customer 15,Female,India,25
16,1644,1950,790,78870,16-01-2023,Customer 16,Female,China,50
17,1578,1907,1440,77250,17-01-2023,Customer 17,Female,USA,26
18,1703,2045,670,38170,18-01-2023,Customer 18,Female,Brazil,66
19,1438,1731,1030,63540,19-01-2023,Customer 19,Male,France,67
20,1940,2340,980,40190,20-01-2023,Customer 20,Male,UK,64
21,1421,1700,370,43460,21-01-2023,Customer 21,Male,Canada,68
22,1458,1746,690,68890,22-01-2023,Customer 22,Female,USA,53
23,1719,2065,950,52780,23-01-2023,Customer 23,Female,France,52
24,1449,1752,620,50680,24-01-2023,Customer 24,Male,Australia,44
25,1234,1488,840,41880,25-01-2023,Customer 25,Female,Brazil,51
26,1732,2073,820,70050,26-01-2023,Customer 26,Male,Australia,63
27,1475,1777,1100,25820,27-01-2023,Customer 27,Female,UK,69
28,1390,1648,980,60530,28-01-2023,Customer 28,Female,Germany,21
29,1642,1943,710,78100,29-01-2023,Customer 29,Male,Brazil,23
30,1715,2071,650,84860,30-01-2023,Customer 30,Female,UK,18
31,1439,1746,990,80140,31-01-2023,Customer 31,Female,India,65
32,1250,1508,990,14920,01-02-2023,Customer 32,Female,France,67
33,1331,1608,880,60460,02-02-2023,Customer 33,Female,UK,54
34,1784,2163,620,74560,03-02-2023,Customer 34,Male,Japan,36
35,1375,1648,1020,72430,04-02-2023,Customer 35,Male,USA,64
36,1871,2230,700,45460,05-02-2023,Customer 36,Female,Australia,39
37,1442,1744,610,41570,06-02-2023,Customer 37,Male,UK,65
38,1174,1411,1080,62870,07-02-2023,Customer 38,Male,UK,26
39,1839,2204,1010,55170,08-02-2023,Customer 39,Female,India,33
40,1270,1516,10,45480,09-02-2023,Customer 40,Female,France,48
41,1435,1725,1250,49550,10-02-2023,Customer 41,Male,China,37
42,965,1152,600,48140,11-02-2023,Customer 42,Male,France,62
43,1665,2001,730,67640,12-02-2023,Customer 43,Male,Australia,52
44,1780,2117,780,39730,13-02-2023,Customer 44,Male,Germany,33
45,1009,1194,520,35800,14-02-2023,Customer 45,Female,Japan,57
46,1227,1471,870,49270,15-02-2023,Customer 46,Female,China,69
47,1769,2087,690,66510,16-02-2023,Customer 47,Male,Japan,24
48,1660,1982,910,62530,17-02-2023,Customer 48,Female,UK,66
49,1472,1776,1260,59980,18-02-2023,Customer 49,Female,Australia,62
50,1408,1688,1040,76350,19-02-2023,Customer 50,Male,Japan,30
51,1514,1820,910,81820,20-02-2023,Customer 51,Male,Australia,66
52,1565,1880,1300,57830,21-02-2023,Customer 52,Female,France,43
53,1074,1288,320,70450,22-02-2023,Customer 53,Female,France,35
54,1864,2240,530,67000,23-02-2023,Customer 54,Female,Australia,70
55,1570,1898,980,64090,24-02-2023,Customer 55,Male,Canada,68
56,1417,1701,740,48670,25-02-2023,Customer 56,Female,Canada,69
57,1734,2060,1240,66210,26-02-2023,Customer 57,Male,USA,20
58,1470,1763,1080,83660,27-02-2023,Customer 58,Female,USA,23
59,1761,2104,1080,70770,28-02-2023,Customer 59,Male,India,63
60,1756,2070,460,53870,01-03-2023,Customer 60,Male,UK,65
61,1704,2045,300,71300,02-03-2023,Customer 61,Male,China,62
62,2011,2391,530,46100,03-03-2023,Customer 62,Female,Germany,29
63,1472,1748,600,49100,04-03-2023,Customer 63,Male,China,47
64,1310,1561,860,65920,05-03-2023,Customer 64,Male,France,51
65,1544,1821,590,58660,06-03-2023,Customer 65,Female,Brazil,24
66,1707,2052,920,69130,07-03-2023,Customer 66,Female,UK,47
67,1881,2262,570,49080,08-03-2023,Customer 67,Male,UK,18
68,1416,1681,290,72710,09-03-2023,Customer 68,Female,France,69
69,1631,1941,650,33430,10-03-2023,Customer 69,Male,India,64
70,1318,1576,710,42430,11-03-2023,Customer 70,Male,USA,56
71,1692,2019,850,56650,12-03-2023,Customer 71,Female,USA,19
72,1152,1380,530,33580,13-03-2023,Customer 72,Female,Japan,46
73,891,1073,630,67370,14-03-2023,Customer 73,Male,Japan,62
74,1468,1749,700,71780,15-03-2023,Customer 74,Female,Canada,66
75,1539,1833,650,84840,16-03-2023,Customer 75,Female,China,21
76,1635,1956,720,82070,17-03-2023,Customer 76,Female,India,28
77,1267,1520,450,26770,18-03-2023,Customer 77,Male,Japan,29
78,1250,1475,1390,65560,19-03-2023,Customer 78,Male,China,41
79,1720,2044,960,38660,20-03-2023,Customer 79,Male,Canada,29
80,1462,1761,600,65660,21-03-2023,Customer 80,Female,Japan,49
81,1431,1711,620,40700,22-03-2023,Customer 81,Male,China,63
82,1539,1858,1020,88910,23-03-2023,Customer 82,Male,China,34
83,1441,1723,330,57860,24-03-2023,Customer 83,Female,China,20
84,1572,1884,1410,42670,25-03-2023,Customer 84,Male,USA,47
85,1287,1525,1200,90180,26-03-2023,Customer 85,Female,UK,43
86,1468,1760,280,51280,27-03-2023,Customer 86,Male,UK,57
87,1931,2342,940,97260,28-03-2023,Customer 87,Male,France,59
88,1252,1506,850,39650,29-03-2023,Customer 88,Male,Germany,51
89,1238,1468,960,45720,30-03-2023,Customer 89,Male,India,59
90,1479,1758,420,42060,31-03-2023,Customer 90,Female,Canada,67
91,1590,1912,830,65350,01-04-2023,Customer 91,Female,UK,43
92,2169,2617,600,67080,02-04-2023,Customer 92,Male,UK,56
93,1838,2205,400,54030,03-04-2023,Customer 93,Male,USA,30
94,1385,1655,760,56360,04-04-2023,Customer 94,Female,Japan,49
95,1921,2305,1470,77120,05-04-2023,Customer 95,Female,USA,69
96,1975,2385,500,50810,06-04-2023,Customer 96,Female,China,68
97,1853,2235,1120,60960,07-04-2023,Customer 97,Female,Germany,50
98,1816,2171,1160,61180,08-04-2023,Customer 98,Female,Australia,25
99,1785,2147,820,63660,09-04-2023,Customer 99,Male,USA,44
100,1579,1899,1140,41190,10-04-2023,Customer 100,Female,Australia,66
101,1096,1321,900,78420,11-04-2023,Customer 101,Male,Germany,27
102,1919,2294,760,65580,12-04-2023,Customer 102,Male,Canada,29
103,1262,1500,1170,89080,13-04-2023,Customer 103,Female,USA,35
104,1374,1655,1080,94170,14-04-2023,Customer 104,Female,China,41
105,1309,1587,1000,50950,15-04-2023,Customer 105,Male,Japan,27
106,1207,1434,690,65180,16-04-2023,Customer 106,Female,UK,29
107,1692,2031,810,69310,17-04-2023,Customer 107,Male,Germany,28
108,1929,2311,630,79210,18-04-2023,Customer 108,Female,Brazil,68
109,1573,1878,650,23740,19-04-2023,Customer 109,Female,USA,32
110,1415,1700,920,36330,20-04-2023,Customer 110,Female,USA,44
111,1162,1382,1260,51700,21-04-2023,Customer 111,Male,Japan,51
112,1485,1787,800,62950,22-04-2023,Customer 112,Male,France,31
113,1897,2248,1330,56010,23-04-2023,Customer 113,Female,UK,40
114,1607,1927,940,45080,24-04-2023,Customer 114,Male,Germany,32
115,1909,2287,1210,46830,25-04-2023,Customer 115,Male,Japan,37
116,1274,1503,660,64750,26-04-2023,Customer 116,Male,China,32
117,1157,1379,770,80780,27-04-2023,Customer 117,Female,China,62
118,1712,2046,460,31180,28-04-2023,Customer 118,Male,India,51
119,1500,1798,860,56710,29-04-2023,Customer 119,Female,USA,22
120,1682,2017,780,49390,30-04-2023,Customer 120,Male,India,68
121,1441,1727,890,66000,01-05-2023,Customer 121,Female,Germany,21
122,1525,1835,900,32770,02-05-2023,Customer 122,Male,Japan,35
123,1408,1669,530,46580,03-05-2023,Customer 123,Male,China,23
124,1947,2333,790,79780,04-05-2023,Customer 124,Male,China,38
125,1164,1390,370,35510,05-05-2023,Customer 125,Male,India,27
126,1787,2137,610,80970,06-05-2023,Customer 126,Male,Australia,28
127,1871,2241,500,61150,07-05-2023,Customer 127,Male,Japan,24
128,1718,2051,750,49210,08-05-2023,Customer 128,Male,China,18
129,1365,1636,980,79950,09-05-2023,Customer 129,Male,USA,40
130,1368,1654,530,68740,10-05-2023,Customer 130,Male,Japan,53
131,1342,1595,910,57480,11-05-2023,Customer 131,Male,UK,26
132,1076,1270,620,72630,12-05-2023,Customer 132,Male,Australia,45
133,1396,1672,1170,50070,13-05-2023,Customer 133,Female,China,24
134,1713,2071,900,40490,14-05-2023,Customer 134,Male,Australia,31
135,1370,1638,980,51850,15-05-2023,Customer 135,Male,USA,32
136,1667,1993,740,42840,16-05-2023,Customer 136,Female,Australia,43
137,1638,1972,810,60940,17-05-2023,Customer 137,Male,Canada,60
138,1581,1905,810,62280,18-05-2023,Customer 138,Female,Germany,33
139,1795,2187,300,76530,19-05-2023,Customer 139,Male,India,21
140,1179,1412,790,85130,20-05-2023,Customer 140,Female,UK,20
141,1978,2374,800,48590,21-05-2023,Customer 141,Male,India,45
142,1688,2042,760,73080,22-05-2023,Customer 142,Male,Brazil,48
143,1214,1456,530,48950,23-05-2023,Customer 143,Male,Australia,58
144,1504,1805,540,48560,24-05-2023,Customer 144,Female,Brazil,47
145,1498,1770,620,59380,25-05-2023,Customer 145,Female,Japan,38
146,1462,1762,1010,51190,26-05-2023,Customer 146,Male,China,22
147,1442,1750,130,58920,27-05-2023,Customer 147,Female,Germany,37
148,1250,1486,730,50360,28-05-2023,Customer 148,Female,France,31
149,1229,1480,830,38070,29-05-2023,Customer 149,Male,Japan,36
150,1936,2300,1060,49170,30-05-2023,Customer 150,Male,UK,20
151,1369,1629,770,39740,31-05-2023,Customer 151,Female,France,28
152,1662,1986,70,63730,01-06-2023,Customer 152,Female,France,47
153,1548,1855,670,85330,02-06-2023,Customer 153,Male,France,62
154,1649,1963,490,27410,03-06-2023,Customer 154,Male,India,55
155,1393,1663,670,37320,04-06-2023,Customer 155,Male,Brazil,31
156,1450,1734,380,71120,05-06-2023,Customer 156,Female,Japan,42
157,1613,1921,1200,72800,06-06-2023,Customer 157,Male,France,41
158,1408,1696,350,34410,07-06-2023,Customer 158,Male,India,68
159,775,932,1090,42530,08-06-2023,Customer 159,Male,Germany,39
160,1275,1534,1230,54300,09-06-2023,Customer 160,Male,Canada,46
161,1740,2078,680,50780,10-06-2023,Customer 161,Male,Australia,36
162,1372,1657,580,45020,11-06-2023,Customer 162,Male,China,29
163,1414,1723,680,69600,12-06-2023,Customer 163,Female,Australia,50
164,2044,2474,340,80340,13-06-2023,Customer 164,Male,Canada,27
165,1823,2176,700,37810,14-06-2023,Customer 165,Male,USA,61
166,955,1133,580,46140,15-06-2023,Customer 166,Female,UK,29
167,1465,1763,680,99570,16-06-2023,Customer 167,Female,Brazil,56
168,1331,1606,630,38650,17-06-2023,Customer 168,Male,Australia,53
169,1232,1487,860,49800,18-06-2023,Customer 169,Female,Brazil,29
170,1481,1765,490,69910,19-06-2023,Customer 170,Female,India,48
171,1343,1599,870,44910,20-06-2023,Customer 171,Male,China,21
172,1539,1837,990,78470,21-06-2023,Customer 172,Female,Japan,68
173,1007,1207,670,47460,22-06-2023,Customer 173,Female,India,35
174,1762,2145,490,33460,23-06-2023,Customer 174,Female,Canada,70
175,1527,1832,580,44090,24-06-2023,Customer 175,Female,Germany,58
176,1356,1619,700,42620,25-06-2023,Customer 176,Male,USA,41
177,1536,1848,670,69450,26-06-2023,Customer 177,Female,France,50
178,1605,1902,390,73120,27-06-2023,Customer 178,Male,Canada,41
179,1704,2032,590,48300,28-06-2023,Customer 179,Female,France,63
180,1626,1941,1350,58090,29-06-2023,Customer 180,Female,Japan,65
181,1612,1939,840,74250,30-06-2023,Customer 181,Male,USA,38
182,1174,1396,1100,40930,01-07-2023,Customer 182,Male,Brazil,41
183,1923,2339,950,70930,02-07-2023,Customer 183,Female,India,62
184,1702,2053,950,64670,03-07-2023,Customer 184,Male,Brazil,44
185,1398,1692,650,77420,04-07-2023,Customer 185,Female,Australia,64
186,1437,1717,230,32330,05-07-2023,Customer 186,Male,USA,52
187,1524,1796,1060,41080,06-07-2023,Customer 187,Female,USA,18
188,1660,1985,1180,42860,07-07-2023,Customer 188,Female,Canada,19
189,1302,1569,710,68450,08-07-2023,Customer 189,Male,China,49
190,1666,2000,480,39730,09-07-2023,Customer 190,Female,Brazil,25
191,1391,1649,810,83750,10-07-2023,Customer 191,Male,China,52
192,1778,2148,1140,69940,11-07-2023,Customer 192,Female,Germany,25
193,1462,1770,1070,67710,12-07-2023,Customer 193,Female,France,56
194,1751,2115,790,67360,13-07-2023,Customer 194,Female,India,67
195,1652,1982,690,52460,14-07-2023,Customer 195,Male,China,67
196,1841,2215,610,88760,15-07-2023,Customer 196,Male,Japan,44
197,1496,1791,1240,67030,16-07-2023,Customer 197,Male,USA,59
198,1504,1827,840,78230,17-07-2023,Customer 198,Female,India,25
199,1524,1808,460,62270,18-07-2023,Customer 199,Male,Australia,45
200,1148,1371,940,49760,19-07-2023,Customer 200,Female,Japan,29
201,1468,1744,590,73660,20-07-2023,Customer 201,Female,UK,47
202,1310,1558,890,72320,21-07-2023,Customer 202,Female,India,60
203,1321,1579,770,68890,22-07-2023,Customer 203,Female,Japan,32
204,992,1192,900,34180,23-07-2023,Customer 204,Female,India,45
205,1540,1857,1020,58260,24-07-2023,Customer 205,Female,UK,25
206,1807,2149,910,38120,25-07-2023,Customer 206,Male,China,52
207,1526,1853,660,49070,26-07-2023,Customer 207,Female,Brazil,70
208,1406,1677,480,61660,27-07-2023,Customer 208,Female,India,41
209,1703,2055,1080,37830,28-07-2023,Customer 209,Male,Germany,19
210,1575,1872,690,52270,29-07-2023,Customer 210,Male,India,43
211,1309,1572,510,52280,30-07-2023,Customer 211,Female,France,27
212,1488,1807,1030,70810,31-07-2023,Customer 212,Male,France,24
213,1658,1988,370,71530,01-08-2023,Customer 213,Female,Brazil,64
214,1863,2245,640,77260,02-08-2023,Customer 214,Female,USA,70
215,1458,1725,750,75550,03-08-2023,Customer 215,Male,USA,27
216,1604,1909,370,33730,04-08-2023,Customer 216,Female,Canada,24
217,1575,1899,840,66270,05-08-2023,Customer 217,Male,Germany,70
218,1525,1829,840,55820,06-08-2023,Customer 218,Male,Australia,51
219,1451,1737,890,68430,07-08-2023,Customer 219,Male,India,20
220,1390,1687,620,73990,08-08-2023,Customer 220,Female,UK,38
221,1442,1742,310,62800,09-08-2023,Customer 221,Female,Canada,70
222,1620,1922,550,33740,10-08-2023,Customer 222,Female,Germany,22
223,1251,1527,380,63830,11-08-2023,Customer 223,Female,Australia,20
224,1318,1606,1200,24410,12-08-2023,Customer 224,Female,Brazil,54
225,1647,1962,800,70020,13-08-2023,Customer 225,Male,Brazil,52
226,1829,2175,870,92240,14-08-2023,Customer 226,Female,Japan,49
227,1852,2227,1220,68230,15-08-2023,Customer 227,Male,Japan,39
228,1699,2053,1080,81870,16-08-2023,Customer 228,Male,Australia,69
229,1325,1595,540,73860,17-08-2023,Customer 229,Female,UK,58
230,1350,1634,880,77120,18-08-2023,Customer 230,Female,Canada,56
231,1347,1628,120,72350,19-08-2023,Customer 231,Female,Germany,22
232,1397,1661,1410,49160,20-08-2023,Customer 232,Female,China,45
233,1245,1499,570,45650,21-08-2023,Customer 233,Male,Germany,70
234,1366,1649,940,52780,22-08-2023,Customer 234,Female,France,49
235,1378,1658,760,90960,23-08-2023,Customer 235,Female,France,25
236,1767,2110,1200,64950,24-08-2023,Customer 236,Male,India,18
237,1184,1434,670,47230,25-08-2023,Customer 237,Male,Brazil,25
238,1257,1505,950,83250,26-08-2023,Customer 238,Male,Japan,48
239,1863,2247,480,51950,27-08-2023,Customer 239,Male,Brazil,61
240,1881,2244,920,66030,28-08-2023,Customer 240,Female,China,38
241,1329,1609,1150,68590,29-08-2023,Customer 241,Female,France,62
242,1539,1848,750,47140,30-08-2023,Customer 242,Female,Canada,57
243,1557,1861,370,69940,31-08-2023,Customer 243,Male,Japan,59
244,2007,2397,610,65890,01-09-2023,Customer 244,Female,Australia,64
245,1185,1418,1150,89310,02-09-2023,Customer 245,Male,Brazil,65
246,1657,2003,1070,58540,03-09-2023,Customer 246,Male,Japan,62
247,1294,1539,790,78130,04-09-2023,Customer 247,Female,Canada,37
248,1296,1559,1070,92300,05-09-2023,Customer 248,Female,UK,50
249,1733,2097,730,56170,06-09-2023,Customer 249,Female,Japan,23
250,1641,1976,620,46050,07-09-2023,Customer 250,Female,Brazil,28
251,1373,1648,530,43390,08-09-2023,Customer 251,Female,India,63
252,1550,1845,700,61750,09-09-2023,Customer 252,Male,USA,56
253,1583,1907,680,21830,10-09-2023,Customer 253,Male,France,31
254,1428,1719,1060,39800,11-09-2023,Customer 254,Female,Brazil,28
255,1604,1925,670,54370,12-09-2023,Customer 255,Male,Australia,27
256,1439,1735,400,62470,13-09-2023,Customer 256,Female,France,31
257,1648,2003,910,82930,14-09-2023,Customer 257,Female,Germany,20
258,1025,1231,760,63720,15-09-2023,Customer 258,Female,Germany,53
259,2001,2394,540,79180,16-09-2023,Customer 259,Male,China,68
260,1145,1370,350,38210,17-09-2023,Customer 260,Female,Brazil,36
261,1174,1426,980,25950,18-09-2023,Customer 261,Female,USA,38
262,913,1106,860,56610,19-09-2023,Customer 262,Male,Canada,41
263,1199,1433,1020,73710,20-09-2023,Customer 263,Male,UK,48
264,1875,2254,1120,70400,21-09-2023,Customer 264,Male,UK,67
265,1153,1397,1020,50440,22-09-2023,Customer 265,Female,Canada,43
266,1240,1492,940,66840,23-09-2023,Customer 266,Male,China,66
267,1381,1660,970,50170,24-09-2023,Customer 267,Female,Australia,29
268,1701,2030,830,60140,25-09-2023,Customer 268,Male,UK,29
269,1206,1456,920,37130,26-09-2023,Customer 269,Male,Japan,33
270,1476,1777,660,42890,27-09-2023,Customer 270,Female,Brazil,51
271,1189,1439,780,26220,28-09-2023,Customer 271,Male,Brazil,23
272,1837,2220,340,50840,29-09-2023,Customer 272,Male,USA,45
273,1319,1571,1190,25630,30-09-2023,Customer 273,Male,Brazil,38
274,1617,1901,490,60770,01-10-2023,Customer 274,Female,USA,44
275,1631,1967,1090,69600,02-10-2023,Customer 275,Female,UK,46
276,1517,1805,1040,41740,03-10-2023,Customer 276,Female,Japan,19
277,1764,2109,1210,50130,04-10-2023,Customer 277,Male,France,32
278,1572,1869,1030,21750,05-10-2023,Customer 278,Female,Japan,34
279,1855,2197,1170,80490,06-10-2023,Customer 279,Female,France,42
280,1327,1571,730,34020,07-10-2023,Customer 280,Female,USA,38
281,1270,1515,720,60240,08-10-2023,Customer 281,Male,Brazil,65
282,1734,2073,500,39460,09-10-2023,Customer 282,Male,India,46
283,1533,1848,1070,56440,10-10-2023,Customer 283,Male,UK,18
284,1390,1646,800,46840,11-10-2023,Customer 284,Male,China,38
285,1856,2216,1020,64820,12-10-2023,Customer 285,Male,USA,19
286,1000,1215,1070,52520,13-10-2023,Customer 286,Female,Japan,51
287,1313,1586,420,45940,14-10-2023,Customer 287,Female,Australia,67
288,1494,1799,510,38970,15-10-2023,Customer 288,Male,Brazil,61
289,1386,1674,1210,58610,16-10-2023,Customer 289,Female,Japan,41
290,1979,2364,660,30810,17-10-2023,Customer 290,Female,Germany,26
291,1057,1264,360,47730,18-10-2023,Customer 291,Female,USA,60
292,902,1093,1210,64640,19-10-2023,Customer 292,Female,Australia,19
293,1347,1622,560,44860,20-10-2023,Customer 293,Male,India,55
294,1314,1576,360,55660,21-10-2023,Customer 294,Female,India,41
295,1513,1803,970,57530,22-10-2023,Customer 295,Male,France,43
296,1305,1548,480,75200,23-10-2023,Customer 296,Female,Germany,37
297,1180,1436,690,37330,24-10-2023,Customer 297,Female,Canada,55
298,1142,1352,710,35280,25-10-2023,Customer 298,Female,France,24
299,1471,1768,780,70610,26-10-2023,Customer 299,Female,India,47
300,1075,1288,630,49720,27-10-2023,Customer 300,Female,France,20
301,1578,1885,220,68850,28-10-2023,Customer 301,Female,India,61
302,1585,1916,1110,50740,29-10-2023,Customer 302,Male,Canada,45
303,1391,1648,720,77070,30-10-2023,Customer 303,Female,France,20
304,1577,1892,560,74730,31-10-2023,Customer 304,Female,USA,28
305,1092,1314,600,76530,01-11-2023,Customer 305,Female,China,51
306,1375,1681,440,68900,02-11-2023,Customer 306,Male,China,49
307,1523,1813,520,44960,03-11-2023,Customer 307,Male,China,47
308,1373,1654,410,41490,04-11-2023,Customer 308,Male,China,53
309,1550,1871,590,74320,05-11-2023,Customer 309,Male,Germany,70
310,1614,1946,740,73800,06-11-2023,Customer 310,Female,India,27
311,1566,1889,610,56400,07-11-2023,Customer 311,Male,UK,43
312,2019,2396,540,71570,08-11-2023,Customer 312,Male,China,22
313,1494,1806,1450,43640,09-11-2023,Customer 313,Male,India,57
314,1659,2008,620,35120,10-11-2023,Customer 314,Male,China,26
315,1766,2131,340,58670,11-11-2023,Customer 315,Female,UK,42
316,1293,1554,970,75800,12-11-2023,Customer 316,Male,Australia,66
317,1375,1659,1080,76640,13-11-2023,Customer 317,Female,China,18
318,1236,1484,560,31890,14-11-2023,Customer 318,Female,UK,35
319,1332,1586,630,61670,15-11-2023,Customer 319,Male,France,31
320,1513,1825,980,75950,16-11-2023,Customer 320,Male,France,26
321,1208,1459,930,41490,17-11-2023,Customer 321,Female,France,30
322,1190,1429,470,66170,18-11-2023,Customer 322,Male,Brazil,63
323,1448,1734,680,37980,19-11-2023,Customer 323,Male,USA,59
324,1771,2147,430,62710,20-11-2023,Customer 324,Female,Germany,34
325,1365,1645,830,60470,21-11-2023,Customer 325,Male,India,47
326,1510,1810,950,35230,22-11-2023,Customer 326,Male,UK,38
327,1458,1736,870,48550,23-11-2023,Customer 327,Female,China,47
328,1808,2157,730,56810,24-11-2023,Customer 328,Male,Japan,63
329,1615,1954,760,41080,25-11-2023,Customer 329,Male,Japan,23
330,1640,1948,960,51270,26-11-2023,Customer 330,Female,Germany,57
331,1060,1273,860,57500,27-11-2023,Customer 331,Male,Brazil,64
332,1633,1968,330,81470,28-11-2023,Customer 332,Female,UK,18
333,1222,1473,630,49570,29-11-2023,Customer 333,Female,China,41
334,1619,1957,1280,45580,30-11-2023,Customer 334,Female,Japan,37
335,1624,1973,1440,44660,01-12-2023,Customer 335,Male,Japan,51
336,1887,2278,570,76240,02-12-2023,Customer 336,Male,UK,59
337,1320,1583,540,43720,03-12-2023,Customer 337,Female,China,46
338,1450,1750,480,46700,04-12-2023,Customer 338,Male,Germany,55
339,1455,1764,390,84690,05-12-2023,Customer 339,Female,Germany,23
340,966,1172,900,85470,06-12-2023,Customer 340,Male,UK,67
341,1922,2290,290,80410,07-12-2023,Customer 341,Male,USA,68
342,1678,1999,740,46650,08-12-2023,Customer 342,Male,USA,42
343,1638,1952,690,81840,09-12-2023,Customer 343,Male,UK,23
344,1145,1375,950,63590,10-12-2023,Customer 344,Male,Germany,69
345,2004,2390,930,50130,11-12-2023,Customer 345,Male,India,18
346,1954,2378,810,45820,12-12-2023,Customer 346,Male,Canada,29
347,1577,1879,760,86710,13-12-2023,Customer 347,Male,Japan,68
348,1766,2138,580,49980,14-12-2023,Customer 348,Male,Brazil,28
349,1362,1634,770,82940,15-12-2023,Customer 349,Male,Australia,53
350,1886,2228,1530,40350,16-12-2023,Customer 350,Male,France,65
351,1291,1546,420,93950,17-12-2023,Customer 351,Female,China,58
352,1584,1897,1210,47310,18-12-2023,Customer 352,Female,China,22
353,1397,1686,850,21300,19-12-2023,Customer 353,Male,France,39
354,1445,1709,1340,62180,20-12-2023,Customer 354,Female,India,52
355,1433,1707,1160,61460,21-12-2023,Customer 355,Female,China,41
356,1269,1511,500,54360,22-12-2023,Customer 356,Male,France,64
357,1798,2134,820,72050,23-12-2023,Customer 357,Female,Japan,33
358,1514,1822,670,48090,24-12-2023,Customer 358,Male,China,25
359,1015,1216,460,27310,25-12-2023,Customer 359,Female,Australia,64
360,1495,1799,950,57160,26-12-2023,Customer 360,Female,UK,47
361,1759,2095,980,34190,27-12-2023,Customer 361,Male,Canada,60
362,1219,1468,850,35600,28-12-2023,Customer 362,Female,UK,60
363,1571,1877,580,54670,29-12-2023,Customer 363,Male,China,37
364,1404,1670,620,76730,30-12-2023,Customer 364,Male,France,37
365,1124,1369,650,63540,31-12-2023,Customer 365,Female,India,22
366,1514,1837,1130,36690,01-01-2024,Customer 366,Female,Germany,63
367,1207,1476,720,87370,02-01-2024,Customer 367,Male,India,46
368,1484,1774,940,59800,03-01-2024,Customer 368,Male,France,38
369,1398,1678,920,48030,04-01-2024,Customer 369,Female,India,68
370,1769,2112,660,96650,05-01-2024,Customer 370,Female,Australia,32
371,1111,1322,610,65500,06-01-2024,Customer 371,Male,China,48
372,1078,1305,1190,55530,07-01-2024,Customer 372,Male,Canada,69
373,1876,2254,1340,21650,08-01-2024,Customer 373,Male,India,62
374,1909,2306,820,31940,09-01-2024,Customer 374,Female,France,57
375,1940,2343,1130,84690,10-01-2024,Customer 375,Male,China,51
376,1391,1683,890,68390,11-01-2024,Customer 376,Male,Canada,62
377,1496,1774,810,75490,12-01-2024,Customer 377,Female,France,55
378,1412,1699,680,39200,13-01-2024,Customer 378,Female,France,22
379,1121,1345,320,85670,14-01-2024,Customer 379,Male,Germany,51
380,1691,2026,700,60530,15-01-2024,Customer 380,Male,Brazil,55
381,1599,1946,940,78090,16-01-2024,Customer 381,Male,USA,68
382,1208,1467,910,50720,17-01-2024,Customer 382,Female,USA,40
383,1454,1737,870,23090,18-01-2024,Customer 383,Female,France,70
384,1555,1881,1260,91360,19-01-2024,Customer 384,Male,UK,60
385,1554,1852,440,48120,20-01-2024,Customer 385,Male,Japan,56
386,1491,1800,980,75620,21-01-2024,Customer 386,Female,Australia,20
387,1415,1697,1200,39420,22-01-2024,Customer 387,Male,Australia,68
388,1487,1801,890,51130,23-01-2024,Customer 388,Female,Brazil,67
389,1339,1589,1050,33890,24-01-2024,Customer 389,Male,India,38
390,1320,1562,610,87170,25-01-2024,Customer 390,Male,Australia,26
391,1509,1799,960,38600,26-01-2024,Customer 391,Male,Brazil,63
392,1406,1680,860,60980,27-01-2024,Customer 392,Female,UK,61
393,1264,1502,800,79410,28-01-2024,Customer 393,Female,USA,59
394,1905,2280,1060,82350,29-01-2024,Customer 394,Female,Canada,58
395,1209,1464,600,36740,30-01-2024,Customer 395,Male,Germany,69
396,1546,1829,380,27720,31-01-2024,Customer 396,Male,Japan,43
397,1689,2044,1140,32260,01-02-2024,Customer 397,Female,India,29
398,1153,1381,730,53270,02-02-2024,Customer 398,Female,Japan,37
399,2063,2493,810,51480,03-02-2024,Customer 399,Female,Canada,35
400,1848,2254,1000,59970,04-02-2024,Customer 400,Female,Australia,23
401,1718,2056,1220,83600,05-02-2024,Customer 401,Female,France,33
402,1480,1773,360,63020,06-02-2024,Customer 402,Female,Canada,19
403,1439,1724,900,50920,07-02-2024,Customer 403,Male,France,52
404,1576,1896,750,56450,08-02-2024,Customer 404,Female,Canada,21
405,1948,2374,930,89540,09-02-2024,Customer 405,Male,USA,44
406,1613,1893,1180,46030,10-02-2024,Customer 406,Male,UK,19
407,896,1059,870,75110,11-02-2024,Customer 407,Female,Brazil,67
408,1625,1943,680,74520,12-02-2024,Customer 408,Male,France,49
409,1303,1587,1310,102310,13-02-2024,Customer 409,Female,Brazil,26
410,1340,1605,1000,53400,14-02-2024,Customer 410,Male,USA,20
411,1410,1704,1130,59760,15-02-2024,Customer 411,Male,India,62
412,1432,1719,990,49540,16-02-2024,Customer 412,Male,UK,49
413,1891,2280,360,51560,17-02-2024,Customer 413,Female,Australia,21
414,1322,1583,720,49510,18-02-2024,Customer 414,Female,Japan,42
415,1378,1670,950,58610,19-02-2024,Customer 415,Female,UK,26
416,1462,1732,840,68260,20-02-2024,Customer 416,Female,China,48
417,1440,1733,1120,65310,21-02-2024,Customer 417,Female,UK,48
418,1421,1724,920,52090,22-02-2024,Customer 418,Female,Australia,66
419,1280,1530,1240,43860,23-02-2024,Customer 419,Female,Japan,18
420,1431,1710,840,74170,24-02-2024,Customer 420,Male,Australia,61
421,1161,1404,430,58380,25-02-2024,Customer 421,Female,UK,66
422,1175,1405,810,91200,26-02-2024,Customer 422,Male,USA,63
423,1395,1662,920,90940,27-02-2024,Customer 423,Male,USA,31
424,1443,1755,880,49330,28-02-2024,Customer 424,Male,Brazil,60
425,1247,1523,1350,53500,29-02-2024,Customer 425,Female,Brazil,64
426,1788,2133,1000,54590,01-03-2024,Customer 426,Female,Australia,24
427,1138,1375,1220,57450,02-03-2024,Customer 427,Female,Brazil,44
428,1709,2042,430,33240,03-03-2024,Customer 428,Female,USA,70
429,1777,2145,520,80790,04-03-2024,Customer 429,Male,India,23
430,1612,1918,580,61000,05-03-2024,Customer 430,Female,Germany,65
431,1618,1943,460,47620,06-03-2024,Customer 431,Female,UK,52
432,1311,1571,470,72090,07-03-2024,Customer 432,Male,Brazil,42
433,1365,1638,680,102920,08-03-2024,Customer 433,Male,Australia,70
434,1249,1503,950,61970,09-03-2024,Customer 434,Female,China,32
435,1373,1635,840,61040,10-03-2024,Customer 435,Female,Brazil,31
436,1536,1836,990,52060,11-03-2024,Customer 436,Female,Brazil,58
437,1744,2101,520,69570,12-03-2024,Customer 437,Female,UK,26
438,1513,1820,520,66020,13-03-2024,Customer 438,Male,India,61
439,1297,1561,1070,40000,14-03-2024,Customer 439,Female,UK,48
440,1908,2304,990,79500,15-03-2024,Customer 440,Female,Germany,49
441,1721,2076,710,76300,16-03-2024,Customer 441,Female,Brazil,24
442,1243,1491,430,69030,17-03-2024,Customer 442,Male,Brazil,44
443,1472,1766,1290,57140,18-03-2024,Customer 443,Male,Canada,27
444,1307,1570,1080,41710,19-03-2024,Customer 444,Female,Brazil,50
445,1628,1959,890,71480,20-03-2024,Customer 445,Female,Japan,38
446,1556,1869,1000,33010,21-03-2024,Customer 446,Female,France,58
447,1179,1428,1290,74570,22-03-2024,Customer 447,Male,Canada,69
448,1768,2123,860,49590,23-03-2024,Customer 448,Female,Germany,29
449,1378,1656,1010,73170,24-03-2024,Customer 449,Male,Australia,36
450,1685,2015,1160,79220,25-03-2024,Customer 450,Male,Canada,40
451,1474,1759,880,75880,26-03-2024,Customer 451,Male,Japan,48
452,1794,2137,670,67610,27-03-2024,Customer 452,Female,Brazil,63
453,1086,1291,930,69090,28-03-2024,Customer 453,Male,France,35
454,1808,2154,990,35220,29-03-2024,Customer 454,Female,Canada,28
455,1501,1790,450,53940,30-03-2024,Customer 455,Male,Germany,51
456,1353,1598,690,56660,31-03-2024,Customer 456,Male,Germany,43
457,1455,1757,650,67520,01-04-2024,Customer 457,Female,Australia,29
458,1165,1411,1020,38620,02-04-2024,Customer 458,Female,India,37
459,1332,1610,880,38890,03-04-2024,Customer 459,Female,Australia,39
460,1396,1668,760,79270,04-04-2024,Customer 460,Male,Brazil,22
461,1513,1821,690,42880,05-04-2024,Customer 461,Female,Brazil,43
462,1618,1940,630,44240,06-04-2024,Customer 462,Female,Brazil,70
463,1845,2233,370,43190,07-04-2024,Customer 463,Male,China,45
464,1172,1411,460,74550,08-04-2024,Customer 464,Male,Japan,68
465,1436,1737,770,57090,09-04-2024,Customer 465,Male,Japan,50
466,1738,2065,750,56480,10-04-2024,Customer 466,Male,China,70
467,2229,2667,660,87410,11-04-2024,Customer 467,Male,Australia,65
468,1490,1783,730,81370,12-04-2024,Customer 468,Female,Australia,47
469,1060,1279,670,97360,13-04-2024,Customer 469,Male,Brazil,57
470,2015,2436,680,77960,14-04-2024,Customer 470,Female,UK,60
471,1611,1919,960,71240,15-04-2024,Customer 471,Male,USA,24
472,1187,1417,1230,58940,16-04-2024,Customer 472,Female,Canada,65
473,1430,1690,800,78950,17-04-2024,Customer 473,Female,China,24
474,1543,1840,450,36380,18-04-2024,Customer 474,Male,Canada,21
475,1836,2195,940,45160,19-04-2024,Customer 475,Male,France,69
476,1463,1764,1060,69050,20-04-2024,Customer 476,Male,Brazil,22
477,1213,1462,560,56830,21-04-2024,Customer 477,Female,Brazil,32
478,1244,1480,860,93530,22-04-2024,Customer 478,Female,Brazil,60
479,1745,2108,730,46920,23-04-2024,Customer 479,Female,UK,56
480,933,1121,940,55990,24-04-2024,Customer 480,Male,France,18
481,1764,2132,920,40840,25-04-2024,Customer 481,Male,Australia,29
482,1675,2002,1050,64990,26-04-2024,Customer 482,Male,China,41
483,1688,2046,380,53550,27-04-2024,Customer 483,Female,UK,67
484,1842,2204,930,51320,28-04-2024,Customer 484,Female,Germany,19
485,1316,1597,980,36560,29-04-2024,Customer 485,Female,Japan,23
486,1440,1719,580,66050,30-04-2024,Customer 486,Female,France,69
487,1760,2111,680,52400,01-05-2024,Customer 487,Male,China,20
488,1323,1571,850,27970,02-05-2024,Customer 488,Female,Canada,40
489,1230,1466,730,67100,03-05-2024,Customer 489,Male,UK,62
490,1540,1838,570,43710,04-05-2024,Customer 490,Female,UK,62
491,1167,1388,620,38600,05-05-2024,Customer 491,Male,Australia,25
492,1429,1695,890,53890,06-05-2024,Customer 492,Male,UK,19
493,1491,1770,800,52610,07-05-2024,Customer 493,Male,Brazil,62
494,1313,1574,920,43130,08-05-2024,Customer 494,Female,USA,61
495,1609,1943,920,40300,09-05-2024,Customer 495,Male,France,36
496,1109,1342,760,49750,10-05-2024,Customer 496,Female,France,47
497,1207,1440,500,43840,11-05-2024,Customer 497,Male,France,68
498,902,1087,680,56820,12-05-2024,Customer 498,Male,France,25
499,1191,1422,770,36350,13-05-2024,Customer 499,Female,UK,56
500,1335,1601,460,50820,14-05-2024,Customer 500,Female,Brazil,56
501,1382,1660,1070,83720,15-05-2024,Customer 501,Male,Canada,61
502,1588,1906,450,46970,16-05-2024,Customer 502,Female,Brazil,38
503,1918,2284,310,78020,17-05-2024,Customer 503,Female,UK,70
504,1484,1774,880,45080,18-05-2024,Customer 504,Female,UK,47
505,1334,1607,370,55160,19-05-2024,Customer 505,Female,Australia,43
506,1556,1846,760,72020,20-05-2024,Customer 506,Female,USA,52
507,1784,2142,950,64010,21-05-2024,Customer 507,Female,Germany,27
508,1244,1477,890,27840,22-05-2024,Customer 508,Male,Germany,37
509,1496,1787,800,58070,23-05-2024,Customer 509,Male,Brazil,68
510,1719,2058,700,51760,24-05-2024,Customer 510,Female,Brazil,54
511,1678,2022,1050,66050,25-05-2024,Customer 511,Female,Australia,57
512,1247,1490,330,65750,26-05-2024,Customer 512,Female,Canada,32
513,1191,1421,980,65820,27-05-2024,Customer 513,Male,Australia,52
514,1832,2208,1090,46760,28-05-2024,Customer 514,Male,Canada,70
515,1271,1523,1140,50940,29-05-2024,Customer 515,Male,Germany,67
516,1735,2084,820,56440,30-05-2024,Customer 516,Male,UK,21
517,1627,1948,890,32610,31-05-2024,Customer 517,Female,France,42
518,1351,1616,650,62770,01-06-2024,Customer 518,Female,UK,24
519,1520,1817,850,63600,02-06-2024,Customer 519,Male,Brazil,62
520,1490,1788,360,45840,03-06-2024,Customer 520,Female,India,55
521,1777,2117,780,38280,04-06-2024,Customer 521,Male,Canada,40
522,1688,2037,590,50960,05-06-2024,Customer 522,Male,USA,33
523,1537,1836,670,39480,06-06-2024,Customer 523,Female,Brazil,25
524,1622,1968,340,69610,07-06-2024,Customer 524,Male,Brazil,32
525,1148,1384,730,47800,08-06-2024,Customer 525,Male,France,63
526,1001,1194,1210,44890,09-06-2024,Customer 526,Female,Canada,46
527,1857,2236,1280,67420,10-06-2024,Customer 527,Male,China,31
528,1552,1869,710,78870,11-06-2024,Customer 528,Female,USA,68
529,1700,2064,940,70310,12-06-2024,Customer 529,Female,UK,58
530,1554,1844,670,38530,13-06-2024,Customer 530,Male,China,54
531,1482,1777,800,77570,14-06-2024,Customer 531,Female,Japan,48
532,1275,1517,790,59920,15-06-2024,Customer 532,Male,USA,70
533,1642,1981,720,54450,16-06-2024,Customer 533,Female,Japan,42
534,1381,1633,1270,50250,17-06-2024,Customer 534,Male,Japan,52
535,1381,1634,930,30790,18-06-2024,Customer 535,Male,France,24
536,1057,1262,1490,35420,19-06-2024,Customer 536,Male,USA,43
537,1192,1445,810,43470,20-06-2024,Customer 537,Male,Japan,59
538,1601,1920,600,61000,21-06-2024,Customer 538,Male,China,41
539,1622,1968,210,64780,22-06-2024,Customer 539,Female,France,60
540,1607,1909,460,39030,23-06-2024,Customer 540,Male,Australia,35
541,2214,2647,740,65900,24-06-2024,Customer 541,Male,USA,49
542,1633,1936,1320,46050,25-06-2024,Customer 542,Female,India,50
543,1546,1845,760,59070,26-06-2024,Customer 543,Female,France,31
544,1475,1753,920,44670,27-06-2024,Customer 544,Male,Australia,49
545,1270,1519,920,58390,28-06-2024,Customer 545,Female,Canada,65
546,1185,1420,880,80370,29-06-2024,Customer 546,Male,France,38
547,1614,1938,1110,53230,30-06-2024,Customer 547,Male,India,55
548,1141,1353,1370,72000,01-07-2024,Customer 548,Female,France,38
549,1244,1481,410,84040,02-07-2024,Customer 549,Female,Japan,37
550,869,1050,850,52540,03-07-2024,Customer 550,Male,China,64
551,2049,2465,720,63510,04-07-2024,Customer 551,Male,Australia,26
552,1883,2262,570,42240,05-07-2024,Customer 552,Male,Australia,43
553,1526,1842,690,39580,06-07-2024,Customer 553,Male,China,33
554,1165,1390,1220,54610,07-07-2024,Customer 554,Male,Germany,58
555,1832,2185,840,87330,08-07-2024,Customer 555,Male,India,29
556,1723,2072,560,88410,09-07-2024,Customer 556,Male,Japan,66
557,932,1138,820,89760,10-07-2024,Customer 557,Female,China,59
558,1137,1374,700,101780,11-07-2024,Customer 558,Male,China,38
559,1231,1472,810,70290,12-07-2024,Customer 559,Female,India,37
560,1237,1512,1070,88210,13-07-2024,Customer 560,Male,France,58
561,1371,1650,540,87160,14-07-2024,Customer 561,Male,USA,19
562,1767,2158,530,41540,15-07-2024,Customer 562,Male,UK,58
563,1748,2092,580,49170,16-07-2024,Customer 563,Male,France,70
564,1212,1440,500,63950,17-07-2024,Customer 564,Male,UK,27
565,1466,1743,1200,70810,18-07-2024,Customer 565,Male,Brazil,67
566,1152,1386,980,49590,19-07-2024,Customer 566,Male,Canada,48
567,1439,1703,1000,67290,20-07-2024,Customer 567,Male,China,30
568,2026,2400,720,51240,21-07-2024,Customer 568,Male,China,23
569,1772,2146,1030,48540,22-07-2024,Customer 569,Female,Japan,46
570,1511,1822,420,72410,23-07-2024,Customer 570,Male,Australia,61
571,1199,1461,1070,54370,24-07-2024,Customer 571,Male,Australia,65
572,1834,2184,830,94460,25-07-2024,Customer 572,Male,Germany,63
573,1143,1375,940,85160,26-07-2024,Customer 573,Male,India,27
574,1494,1794,550,52130,27-07-2024,Customer 574,Female,India,46
575,1770,2131,1140,54650,28-07-2024,Customer 575,Female,France,62
576,1455,1747,750,69320,29-07-2024,Customer 576,Female,Germany,18
577,1141,1372,620,51480,30-07-2024,Customer 577,Female,UK,65
578,1586,1886,660,50060,31-07-2024,Customer 578,Female,Japan,34
579,1701,2034,660,62180,01-08-2024,Customer 579,Male,France,27
580,1860,2246,410,79780,02-08-2024,Customer 580,Female,Australia,59
581,1167,1406,440,42860,03-08-2024,Customer 581,Male,Canada,33
582,1424,1716,630,54410,04-08-2024,Customer 582,Male,France,27
583,1710,2053,730,69390,05-08-2024,Customer 583,Male,Brazil,62
584,1408,1708,220,42810,06-08-2024,Customer 584,Female,Australia,26
585,1517,1831,610,30840,07-08-2024,Customer 585,Female,India,26
586,1227,1476,720,56260,08-08-2024,Customer 586,Female,UK,35
587,1609,1930,740,76470,09-08-2024,Customer 587,Female,India,29
588,1553,1831,740,35680,10-08-2024,Customer 588,Male,India,33
589,1814,2174,770,90070,11-08-2024,Customer 589,Male,Brazil,43
590,1240,1493,590,33120,12-08-2024,Customer 590,Male,France,18
591,1206,1437,1330,54060,13-08-2024,Customer 591,Male,UK,45
592,1847,2186,910,75120,14-08-2024,Customer 592,Female,Australia,24
593,1009,1202,330,41600,15-08-2024,Customer 593,Male,Brazil,58
594,1624,1946,870,20270,16-08-2024,Customer 594,Female,Australia,25
595,1612,1931,790,60060,17-08-2024,Customer 595,Male,UK,27
596,1498,1805,1270,82270,18-08-2024,Customer 596,Female,Australia,57
597,946,1125,590,29170,19-08-2024,Customer 597,Male,Canada,23
598,1563,1872,1080,68420,20-08-2024,Customer 598,Female,Canada,64
599,1664,2016,830,59130,21-08-2024,Customer 599,Male,Japan,28
600,1619,1947,910,74330,22-08-2024,Customer 600,Male,Canada,20
601,1433,1722,830,77080,23-08-2024,Customer 601,Female,China,59
602,1241,1489,1380,76250,24-08-2024,Customer 602,Female,Canada,70
603,1429,1720,1180,59540,25-08-2024,Customer 603,Female,Australia,34
604,1241,1488,770,54690,26-08-2024,Customer 604,Female,Canada,46
605,1078,1306,680,84360,27-08-2024,Customer 605,Female,Australia,41
606,1690,2065,910,51420,28-08-2024,Customer 606,Male,India,62
607,1289,1536,540,65120,29-08-2024,Customer 607,Female,UK,55
608,1581,1894,760,49380,30-08-2024,Customer 608,Female,France,49
609,1608,1945,760,37830,31-08-2024,Customer 609,Male,India,61
610,1344,1608,730,35980,01-09-2024,Customer 610,Male,USA,20
611,1513,1804,430,69190,02-09-2024,Customer 611,Female,Brazil,66
612,1529,1839,1000,50590,03-09-2024,Customer 612,Female,Germany,55
613,1677,2014,660,60800,04-09-2024,Customer 613,Female,Australia,68
614,1015,1229,930,31180,05-09-2024,Customer 614,Female,Australia,53
615,1438,1751,760,77790,06-09-2024,Customer 615,Male,France,62
616,1426,1718,370,47570,07-09-2024,Customer 616,Female,UK,61
617,1412,1701,630,69130,08-09-2024,Customer 617,Male,India,28
618,1622,1944,360,75970,09-09-2024,Customer 618,Female,China,44
619,1503,1791,630,68350,10-09-2024,Customer 619,Male,China,56
620,1501,1789,670,41680,11-09-2024,Customer 620,Male,USA,56
621,1971,2342,690,86560,12-09-2024,Customer 621,Female,Australia,70
622,1383,1687,830,81390,13-09-2024,Customer 622,Female,Japan,20
623,1371,1635,720,50730,14-09-2024,Customer 623,Male,Japan,37
624,1508,1823,520,71290,15-09-2024,Customer 624,Male,Japan,28
625,1057,1284,750,70110,16-09-2024,Customer 625,Female,France,69
626,1411,1680,1070,61590,17-09-2024,Customer 626,Male,USA,21
627,1466,1746,590,69370,18-09-2024,Customer 627,Male,UK,53
628,1545,1888,600,67110,19-09-2024,Customer 628,Male,UK,56
629,2044,2408,380,82020,20-09-2024,Customer 629,Male,India,51
630,1887,2264,830,62050,21-09-2024,Customer 630,Female,USA,33
631,1505,1836,940,61730,22-09-2024,Customer 631,Female,UK,20
632,1422,1722,560,58660,23-09-2024,Customer 632,Male,China,39
633,1564,1869,1030,53370,24-09-2024,Customer 633,Male,USA,61
634,1510,1810,730,39700,25-09-2024,Customer 634,Female,UK,54
635,1568,1920,890,53750,26-09-2024,Customer 635,Male,Brazil,30
636,1933,2338,1140,44730,27-09-2024,Customer 636,Male,UK,33
637,1501,1822,590,49350,28-09-2024,Customer 637,Male,USA,50
638,1593,1911,580,43340,29-09-2024,Customer 638,Male,Australia,18
639,1812,2189,310,78090,30-09-2024,Customer 639,Female,Germany,61
640,1580,1895,720,54950,01-10-2024,Customer 640,Female,France,62
641,1440,1749,490,75530,02-10-2024,Customer 641,Female,Germany,49
642,1100,1331,1010,57330,03-10-2024,Customer 642,Male,Australia,62
643,1534,1841,680,87930,04-10-2024,Customer 643,Male,USA,51
644,1299,1555,1020,56850,05-10-2024,Customer 644,Male,Germany,55
645,1767,2121,1050,78430,06-10-2024,Customer 645,Female,Germany,63
646,1368,1649,740,63660,07-10-2024,Customer 646,Female,Australia,56
647,1393,1670,410,62960,08-10-2024,Customer 647,Female,Germany,53
648,1327,1590,770,81870,09-10-2024,Customer 648,Male,China,31
649,1514,1794,1400,54820,10-10-2024,Customer 649,Female,China,27
650,1989,2414,860,116320,11-10-2024,Customer 650,Female,Japan,26
651,1334,1584,840,57200,12-10-2024,Customer 651,Male,Australia,46
652,1533,1817,950,84360,13-10-2024,Customer 652,Male,Australia,69
653,1809,2145,940,36530,14-10-2024,Customer 653,Female,UK,63
654,1607,1933,930,81260,15-10-2024,Customer 654,Male,Germany,45
655,1165,1387,1060,82350,16-10-2024,Customer 655,Female,China,33
656,1193,1430,560,80830,17-10-2024,Customer 656,Female,India,67
657,1709,2065,670,30610,18-10-2024,Customer 657,Male,France,60
658,1525,1839,540,51310,19-10-2024,Customer 658,Male,France,40
659,1348,1623,1010,72940,20-10-2024,Customer 659,Male,India,63
660,1132,1366,1340,52450,21-10-2024,Customer 660,Female,Canada,35
661,1667,2020,980,66070,22-10-2024,Customer 661,Male,Canada,59
662,1427,1720,630,43190,23-10-2024,Customer 662,Female,USA,36
663,1211,1447,1110,40730,24-10-2024,Customer 663,Male,Japan,23
664,1717,2048,700,78530,25-10-2024,Customer 664,Female,USA,38
665,1766,2111,580,94690,26-10-2024,Customer 665,Female,USA,63
666,1086,1299,1050,44400,27-10-2024,Customer 666,Male,Brazil,53
667,1410,1692,790,73800,28-10-2024,Customer 667,Female,Germany,41
668,1476,1760,600,37390,29-10-2024,Customer 668,Male,India,21
669,1068,1278,440,64120,30-10-2024,Customer 669,Male,Brazil,27
670,1485,1785,1340,66160,31-10-2024,Customer 670,Female,Japan,44
671,1461,1739,1250,22310,01-11-2024,Customer 671,Male,Canada,67
672,1685,2010,990,62380,02-11-2024,Customer 672,Female,USA,40
673,1624,1958,290,63850,03-11-2024,Customer 673,Female,Japan,63
674,1658,2000,350,36210,04-11-2024,Customer 674,Male,USA,70
675,1427,1677,210,54590,05-11-2024,Customer 675,Female,Germany,41
676,1755,2072,810,69610,06-11-2024,Customer 676,Female,Canada,48
677,1211,1472,790,65390,07-11-2024,Customer 677,Male,Germany,47
678,1591,1896,780,78130,08-11-2024,Customer 678,Male,Germany,34
679,1797,2126,730,55710,09-11-2024,Customer 679,Female,France,46
680,1519,1823,1040,69210,10-11-2024,Customer 680,Male,France,68
681,1637,1958,760,59940,11-11-2024,Customer 681,Male,China,44
682,1451,1750,570,72550,12-11-2024,Customer 682,Male,India,36
683,1203,1446,620,44260,13-11-2024,Customer 683,Female,Canada,70
684,1884,2262,310,56910,14-11-2024,Customer 684,Female,China,31
685,1540,1820,310,82390,15-11-2024,Customer 685,Female,Japan,66
686,1121,1332,790,54590,16-11-2024,Customer 686,Male,Germany,67
687,1307,1562,490,69990,17-11-2024,Customer 687,Female,Canada,57
688,1475,1775,230,72740,18-11-2024,Customer 688,Female,France,57
689,1160,1401,900,35360,19-11-2024,Customer 689,Female,Germany,55
690,1078,1276,640,94370,20-11-2024,Customer 690,Female,Germany,61
691,1191,1436,840,43520,21-11-2024,Customer 691,Male,Brazil,70
692,1317,1569,780,36000,22-11-2024,Customer 692,Female,Germany,59
693,1548,1858,480,99480,23-11-2024,Customer 693,Male,UK,30
694,1560,1883,1040,83220,24-11-2024,Customer 694,Male,USA,31
695,1297,1529,870,52940,25-11-2024,Customer 695,Male,India,22
696,1645,1958,530,93360,26-11-2024,Customer 696,Female,Germany,38
697,1225,1455,750,73590,27-11-2024,Customer 697,Female,France,35
698,1421,1704,840,53840,28-11-2024,Customer 698,Male,UK,33
699,1655,1956,800,47350,29-11-2024,Customer 699,Female,India,31
700,1615,1928,660,65080,30-11-2024,Customer 700,Male,USA,59
701,1872,2262,560,62050,01-12-2024,Customer 701,Male,Japan,51
702,1317,1581,910,30020,02-12-2024,Customer 702,Female,Brazil,53
703,1434,1729,480,49510,03-12-2024,Customer 703,Male,UK,36
704,1791,2167,700,64320,04-12-2024,Customer 704,Male,Brazil,31
705,932,1120,660,35590,05-12-2024,Customer 705,Male,China,63
706,1609,1924,1170,63050,06-12-2024,Customer 706,Female,Canada,43
707,1495,1793,1020,65300,07-12-2024,Customer 707,Male,Australia,31
708,1769,2153,580,69560,08-12-2024,Customer 708,Female,UK,57
709,1693,2032,610,41910,09-12-2024,Customer 709,Female,Australia,22
710,1247,1497,590,28330,10-12-2024,Customer 710,Male,China,69
711,1502,1815,190,55980,11-12-2024,Customer 711,Male,India,49
712,1360,1612,490,61080,12-12-2024,Customer 712,Male,Germany,59
713,1542,1844,680,51380,13-12-2024,Customer 713,Female,Australia,27
714,1631,1947,670,84410,14-12-2024,Customer 714,Male,Brazil,57
715,1246,1482,1070,60680,15-12-2024,Customer 715,Male,USA,21
716,1990,2384,1110,64690,16-12-2024,Customer 716,Male,Germany,56
717,967,1154,560,45780,17-12-2024,Customer 717,Female,Germany,19
718,1582,1894,1100,41800,18-12-2024,Customer 718,Female,Australia,27
719,1430,1743,970,53230,19-12-2024,Customer 719,Female,India,48
720,1827,2160,930,36160,20-12-2024,Customer 720,Male,Australia,40
721,1118,1338,1040,40450,21-12-2024,Customer 721,Female,Canada,65
722,1766,2109,1120,57910,22-12-2024,Customer 722,Male,Canada,18
723,1799,2173,910,36280,23-12-2024,Customer 723,Male,France,27
724,1167,1411,440,39190,24-12-2024,Customer 724,Female,Germany,31
725,1493,1795,530,62380,25-12-2024,Customer 725,Male,Australia,32
726,1445,1734,900,21470,26-12-2024,Customer 726,Male,India,33
727,1033,1237,740,34610,27-12-2024,Customer 727,Female,China,40
728,1440,1711,1020,88120,28-12-2024,Customer 728,Female,Canada,48
729,1487,1773,970,59190,29-12-2024,Customer 729,Female,UK,36
730,1854,2205,890,36290,30-12-2024,Customer 730,Male,India,54
731,1748,2086,550,53760,31-12-2024,Customer 731,Female,Brazil,68
732,1937,2310,520,66300,01-01-2025,Customer 732,Female,Germany,50
733,1641,1999,950,93000,02-01-2025,Customer 733,Female,Australia,67
734,1659,1999,650,65660,03-01-2025,Customer 734,Male,UK,34
735,1743,2061,860,81930,04-01-2025,Customer 735,Male,China,51
736,1449,1733,320,60060,05-01-2025,Customer 736,Female,Canada,33
737,1098,1309,860,59530,06-01-2025,Customer 737,Female,Germany,36
738,1121,1351,900,46380,07-01-2025,Customer 738,Male,USA,27
739,1526,1858,550,76200,08-01-2025,Customer 739,Male,Australia,62
740,1358,1645,770,56860,09-01-2025,Customer 740,Male,China,23
741,1336,1616,710,86620,10-01-2025,Customer 741,Female,India,45
742,1502,1802,840,49730,11-01-2025,Customer 742,Female,Canada,42
743,1534,1858,860,88370,12-01-2025,Customer 743,Female,China,29
744,1418,1699,870,49160,13-01-2025,Customer 744,Female,Brazil,66
745,854,1018,660,77740,14-01-2025,Customer 745,Female,Brazil,30
746,1450,1728,930,38560,15-01-2025,Customer 746,Female,India,39
747,1474,1776,1020,51990,16-01-2025,Customer 747,Male,UK,68
748,1524,1819,1190,39970,17-01-2025,Customer 748,Female,India,37
749,1361,1638,1140,46040,18-01-2025,Customer 749,Male,Germany,32
750,1398,1683,490,49500,19-01-2025,Customer 750,Female,Japan,25
751,1085,1308,1170,76670,20-01-2025,Customer 751,Male,Brazil,31
752,1660,1979,480,75800,21-01-2025,Customer 752,Female,Australia,31
753,1648,2017,930,81720,22-01-2025,Customer 753,Female,Australia,25
754,1453,1749,890,58440,23-01-2025,Customer 754,Male,Japan,40
755,1323,1591,680,85720,24-01-2025,Customer 755,Male,Canada,62
756,1385,1643,740,70940,25-01-2025,Customer 756,Male,Australia,60
757,1250,1506,990,62420,26-01-2025,Customer 757,Female,China,41
758,1389,1683,680,56880,27-01-2025,Customer 758,Male,Germany,19
759,1486,1758,820,101820,28-01-2025,Customer 759,Male,Canada,61
760,1655,1993,440,86890,29-01-2025,Customer 760,Male,India,65
761,1645,1963,900,47300,30-01-2025,Customer 761,Male,UK,51
762,1464,1771,1080,31270,31-01-2025,Customer 762,Female,Brazil,68
763,1197,1428,830,65410,01-02-2025,Customer 763,Male,Brazil,27
764,1878,2264,310,54200,02-02-2025,Customer 764,Female,Japan,42
765,1150,1378,730,67390,03-02-2025,Customer 765,Female,Brazil,46
766,1562,1881,740,54530,04-02-2025,Customer 766,Male,USA,43
767,1596,1939,960,79760,05-02-2025,Customer 767,Female,China,35
768,1119,1345,790,78060,06-02-2025,Customer 768,Male,Germany,57
769,1116,1347,700,74080,07-02-2025,Customer 769,Male,France,47
770,1934,2349,750,52990,08-02-2025,Customer 770,Male,Canada,59
771,1299,1540,590,70580,09-02-2025,Customer 771,Male,Germany,39
772,1417,1689,570,34310,10-02-2025,Customer 772,Male,Canada,26
773,1235,1503,660,74160,11-02-2025,Customer 773,Female,Japan,56
774,1497,1815,700,59190,12-02-2025,Customer 774,Male,Canada,66
775,1430,1704,1070,43370,13-02-2025,Customer 775,Male,Brazil,25
776,1537,1877,660,17670,14-02-2025,Customer 776,Female,USA,49
777,1444,1742,840,56710,15-02-2025,Customer 777,Male,Germany,21
778,1477,1798,850,59820,16-02-2025,Customer 778,Male,Germany,42
779,1041,1246,600,36190,17-02-2025,Customer 779,Male,USA,44
780,1226,1472,710,60440,18-02-2025,Customer 780,Female,Germany,58
781,1489,1783,450,75300,19-02-2025,Customer 781,Female,France,55
782,1549,1871,740,74080,20-02-2025,Customer 782,Female,Germany,61
783,1073,1280,1240,60440,21-02-2025,Customer 783,Female,Japan,68
784,1473,1785,570,80720,22-02-2025,Customer 784,Female,China,51
785,2013,2396,580,47060,23-02-2025,Customer 785,Female,Germany,21
786,1975,2368,450,86830,24-02-2025,Customer 786,Female,Japan,67
787,1561,1877,790,56790,25-02-2025,Customer 787,Male,Canada,25
788,1427,1723,1040,67090,26-02-2025,Customer 788,Male,India,22
789,1441,1747,670,44370,27-02-2025,Customer 789,Female,France,60
790,1275,1548,370,82970,28-02-2025,Customer 790,Male,India,47
791,1574,1876,620,56230,01-03-2025,Customer 791,Male,Germany,61
792,1511,1791,1010,53760,02-03-2025,Customer 792,Female,Japan,45
793,1428,1713,550,55390,03-03-2025,Customer 793,Male,Canada,22
794,1388,1672,800,73500,04-03-2025,Customer 794,Female,Japan,39
795,1057,1280,610,41050,05-03-2025,Customer 795,Female,USA,36
796,1440,1747,1090,67320,06-03-2025,Customer 796,Female,Japan,36
797,1349,1610,700,65890,07-03-2025,Customer 797,Female,China,21
798,1536,1808,830,56380,08-03-2025,Customer 798,Female,Australia,24
799,2019,2420,850,85670,09-03-2025,Customer 799,Male,France,55
800,1236,1508,1260,70830,10-03-2025,Customer 800,Female,India,23
801,1436,1715,1030,48180,11-03-2025,Customer 801,Female,USA,56
802,1862,2248,1160,51910,12-03-2025,Customer 802,Female,Germany,28
803,1200,1442,880,44320,13-03-2025,Customer 803,Female,Canada,62
804,1360,1650,420,58940,14-03-2025,Customer 804,Female,USA,49
805,1722,2078,770,73610,15-03-2025,Customer 805,Male,France,38
806,1577,1902,910,54060,16-03-2025,Customer 806,Male,Germany,42
807,1850,2214,1110,85000,17-03-2025,Customer 807,Male,China,31
808,1447,1730,510,49030,18-03-2025,Customer 808,Male,France,19
809,1496,1800,780,63300,19-03-2025,Customer 809,Male,Brazil,29
810,1679,2008,790,84300,20-03-2025,Customer 810,Female,Japan,61
811,994,1194,1090,81390,21-03-2025,Customer 811,Male,France,60
812,1354,1635,1270,95900,22-03-2025,Customer 812,Male,Japan,63
813,1597,1918,1260,71830,23-03-2025,Customer 813,Female,India,41
814,1873,2252,330,79310,24-03-2025,Customer 814,Female,Japan,38
815,1218,1459,540,87890,25-03-2025,Customer 815,Female,Germany,67
816,1458,1746,720,48610,26-03-2025,Customer 816,Female,India,19
817,1546,1860,670,73160,27-03-2025,Customer 817,Male,Brazil,39
818,1608,1962,770,36280,28-03-2025,Customer 818,Male,Brazil,23
819,1822,2160,860,49720,29-03-2025,Customer 819,Female,Canada,23
820,1716,2038,410,44400,30-03-2025,Customer 820,Male,France,37
821,1072,1296,900,47590,31-03-2025,Customer 821,Female,Japan,64
822,1330,1604,480,51460,01-04-2025,Customer 822,Female,India,49
823,1588,1892,540,57750,02-04-2025,Customer 823,Female,USA,67
824,1425,1733,760,66000,03-04-2025,Customer 824,Male,France,32
825,1778,2133,280,45950,04-04-2025,Customer 825,Male,China,20
826,1363,1630,1120,53900,05-04-2025,Customer 826,Male,China,61
827,1609,1928,160,37920,06-04-2025,Customer 827,Female,Australia,31
828,1671,2024,620,63100,07-04-2025,Customer 828,Male,Brazil,60
829,1379,1636,440,36770,08-04-2025,Customer 829,Female,USA,67
830,1218,1452,870,43910,09-04-2025,Customer 830,Female,France,53
831,1724,2101,900,66390,10-04-2025,Customer 831,Female,UK,18
832,986,1179,710,59160,11-04-2025,Customer 832,Male,France,33
833,1330,1606,590,38510,12-04-2025,Customer 833,Male,Germany,43
834,1437,1725,910,46220,13-04-2025,Customer 834,Male,Japan,70
835,1327,1609,1320,41500,14-04-2025,Customer 835,Female,USA,64
836,1651,2009,1000,58160,15-04-2025,Customer 836,Male,USA,23
837,1211,1462,670,38530,16-04-2025,Customer 837,Female,Japan,22
838,1916,2277,610,55880,17-04-2025,Customer 838,Male,China,21
839,1638,1937,1050,70940,18-04-2025,Customer 839,Female,Germany,45
840,1172,1413,480,53940,19-04-2025,Customer 840,Female,Germany,67
841,1350,1606,770,43030,20-04-2025,Customer 841,Male,USA,63
842,1528,1843,340,59820,21-04-2025,Customer 842,Female,Germany,64
843,1305,1557,580,55500,22-04-2025,Customer 843,Female,Canada,69
844,1463,1751,900,49990,23-04-2025,Customer 844,Male,France,58
845,1409,1727,700,42980,24-04-2025,Customer 845,Male,France,18
846,1419,1743,860,65970,25-04-2025,Customer 846,Male,Canada,32
847,1535,1819,540,59290,26-04-2025,Customer 847,Male,Australia,63
848,1474,1745,970,63020,27-04-2025,Customer 848,Female,Brazil,19
849,919,1099,1560,73810,28-04-2025,Customer 849,Female,China,20
850,2067,2492,790,70230,29-04-2025,Customer 850,Male,France,31
851,1977,2362,1020,59950,30-04-2025,Customer 851,Female,India,68
852,1293,1558,790,78100,01-05-2025,Customer 852,Male,Japan,22
853,1477,1790,880,16370,02-05-2025,Customer 853,Female,Canada,47
854,1582,1906,550,92640,03-05-2025,Customer 854,Female,India,30
855,1481,1789,550,63540,04-05-2025,Customer 855,Female,India,36
856,1214,1455,950,87220,05-05-2025,Customer 856,Female,France,42
857,1206,1460,810,41990,06-05-2025,Customer 857,Female,Australia,32
858,1653,1982,390,79410,07-05-2025,Customer 858,Male,Canada,45
859,1152,1393,860,54380,08-05-2025,Customer 859,Female,USA,49
860,1458,1757,850,58600,09-05-2025,Customer 860,Male,India,68
861,1249,1510,660,48950,10-05-2025,Customer 861,Male,Canada,66
862,1939,2333,830,40670,11-05-2025,Customer 862,Female,Canada,51
863,1591,1919,640,52340,12-05-2025,Customer 863,Female,China,29
864,1180,1397,750,39140,13-05-2025,Customer 864,Male,India,47
865,1846,2195,1170,41090,14-05-2025,Customer 865,Female,Germany,55
866,780,951,790,25600,15-05-2025,Customer 866,Male,Australia,57
867,1565,1854,900,100900,16-05-2025,Customer 867,Female,Japan,65
868,1648,1959,370,77080,17-05-2025,Customer 868,Female,India,69
869,1775,2104,980,105150,18-05-2025,Customer 869,Male,Australia,48
870,1439,1732,1170,80580,19-05-2025,Customer 870,Female,India,51
871,1487,1776,800,46230,20-05-2025,Customer 871,Male,China,60
872,1800,2158,1100,98260,21-05-2025,Customer 872,Female,Germany,59
873,1690,2024,1070,75930,22-05-2025,Customer 873,Male,UK,65
874,1209,1452,830,52050,23-05-2025,Customer 874,Male,USA,60
875,1859,2222,1210,87000,24-05-2025,Customer 875,Male,Canada,56
876,1691,2023,540,60270,25-05-2025,Customer 876,Male,France,24
877,1259,1493,100,88270,26-05-2025,Customer 877,Male,India,41
878,1771,2138,820,57820,27-05-2025,Customer 878,Male,USA,34
879,1205,1468,1210,61210,28-05-2025,Customer 879,Male,Australia,52
880,1792,2131,810,76420,29-05-2025,Customer 880,Male,Japan,57
881,1263,1516,780,70980,30-05-2025,Customer 881,Male,USA,31
882,1344,1605,1160,76740,31-05-2025,Customer 882,Female,India,59
883,1819,2187,590,47920,01-06-2025,Customer 883,Male,Germany,22
884,1357,1625,1140,52160,02-06-2025,Customer 884,Female,Japan,70
885,1396,1673,690,32740,03-06-2025,Customer 885,Female,Australia,56
886,1118,1337,560,72270,04-06-2025,Customer 886,Female,Brazil,69
887,1655,1986,1150,77430,05-06-2025,Customer 887,Female,Japan,21
888,1156,1398,140,92370,06-06-2025,Customer 888,Female,USA,29
889,1451,1734,670,34880,07-06-2025,Customer 889,Male,France,49
890,1539,1829,650,46580,08-06-2025,Customer 890,Male,USA,24
891,1549,1851,1220,70620,09-06-2025,Customer 891,Female,France,65
892,1582,1910,1080,66390,10-06-2025,Customer 892,Female,China,45
893,1387,1663,850,82080,11-06-2025,Customer 893,Male,Canada,29
894,1200,1436,1060,76440,12-06-2025,Customer 894,Male,USA,26
895,1299,1560,770,96610,13-06-2025,Customer 895,Male,Japan,47
896,1174,1429,1110,54340,14-06-2025,Customer 896,Female,USA,21
