store_id,store_area,items_available,daily_customer_count,store_sales,date,name,gender,country_name,age
1,1659,1961,530,66490,2023-01-01,Customer 1,male,Germany,30
2,1461,1752,210,39820,2023-01-02,Customer 2,female,India,43
3,1340,1609,720,54010,2023-01-03,Customer 3,female,France,50
4,1451,1748,620,53730,2023-01-04,Customer 4,male,United Kingdom,19
5,1770,2111,450,46620,2023-01-05,Customer 5,male,Brazil,60
6,1442,1733,760,45260,2023-01-06,Customer 6,male,Germany,59
7,1542,1858,780,72240,2023-01-07,Customer 7,female,Germany,36
8,1261,1507,780,37720,2023-01-08,Customer 8,female,France,25
9,1090,1321,780,46310,2023-01-09,Customer 9,male,United States,28
10,1030,1235,780,44150,2023-01-10,Customer 10,male,Canada,51
11,1187,1439,1090,71280,2023-01-11,Customer 11,male,United States,67
12,1751,2098,720,57620,2023-01-12,Customer 12,male,France,29
13,1746,2064,1050,60470,2023-01-13,Customer 13,female,United States,31
14,1615,1931,1160,59130,2023-01-14,Customer 14,male,India,55
15,1469,1756,770,66360,2023-01-15,Customer 15,male,France,23
16,1644,1950,790,78870,2023-01-16,Customer 16,female,Australia,36
17,1578,1907,1440,77250,2023-01-17,Customer 17,male,Germany,53
18,1703,2045,670,38170,2023-01-18,Customer 18,male,Australia,40
19,1438,1731,1030,63540,2023-01-19,Customer 19,female,United States,53
20,1940,2340,980,40190,2023-01-20,Customer 20,female,United States,65
21,1421,1700,370,43460,2023-01-21,Customer 21,female,France,63
22,1458,1746,690,68890,2023-01-22,Customer 22,male,United Kingdom,25
23,1719,2065,950,52780,2023-01-23,Customer 23,female,Germany,46
24,1449,1752,620,50680,2023-01-24,Customer 24,female,China,45
25,1234,1488,840,41880,2023-01-25,Customer 25,male,China,50
26,1732,2073,820,70050,2023-01-26,Customer 26,male,Canada,39
27,1475,1777,1100,25820,2023-01-27,Customer 27,female,India,56
28,1390,1648,980,60530,2023-01-28,Customer 28,female,India,70
29,1642,1943,710,78100,2023-01-29,Customer 29,male,Australia,54
30,1715,2071,650,84860,2023-01-30,Customer 30,female,Canada,36
31,1439,1746,990,80140,2023-01-31,Customer 31,male,United Kingdom,33
32,1250,1508,990,14920,2023-02-01,Customer 32,female,United States,20
33,1331,1608,880,60460,2023-02-02,Customer 33,male,Japan,62
34,1784,2163,620,74560,2023-02-03,Customer 34,female,Japan,27
35,1375,1648,1020,72430,2023-02-04,Customer 35,female,France,24
36,1871,2230,700,45460,2023-02-05,Customer 36,male,India,52
37,1442,1744,610,41570,2023-02-06,Customer 37,male,Brazil,59
38,1174,1411,1080,62870,2023-02-07,Customer 38,female,United States,24
39,1839,2204,1010,55170,2023-02-08,Customer 39,female,Canada,33
40,1270,1516,10,45480,2023-02-09,Customer 40,female,Australia,64
41,1435,1725,1250,49550,2023-02-10,Customer 41,male,Germany,54
42,965,1152,600,48140,2023-02-11,Customer 42,male,United Kingdom,52
43,1665,2001,730,67640,2023-02-12,Customer 43,female,India,39
44,1780,2117,780,39730,2023-02-13,Customer 44,male,United States,69
45,1009,1194,520,35800,2023-02-14,Customer 45,female,Japan,63
46,1227,1471,870,49270,2023-02-15,Customer 46,female,Germany,28
47,1769,2087,690,66510,2023-02-16,Customer 47,male,Germany,69
48,1660,1982,910,62530,2023-02-17,Customer 48,female,Japan,60
49,1472,1776,1260,59980,2023-02-18,Customer 49,male,Japan,21
50,1408,1688,1040,76350,2023-02-19,Customer 50,male,United States,59
51,1514,1820,910,81820,2023-02-20,Customer 51,female,United Kingdom,45
52,1565,1880,1300,57830,2023-02-21,Customer 52,female,France,51
53,1074,1288,320,70450,2023-02-22,Customer 53,male,United States,48
54,1864,2240,530,67000,2023-02-23,Customer 54,male,Canada,37
55,1570,1898,980,64090,2023-02-24,Customer 55,female,United Kingdom,50
56,1417,1701,740,48670,2023-02-25,Customer 56,male,United States,22
57,1734,2060,1240,66210,2023-02-26,Customer 57,female,United Kingdom,59
58,1470,1763,1080,83660,2023-02-27,Customer 58,female,Japan,38
59,1761,2104,1080,70770,2023-02-28,Customer 59,male,United States,46
60,1756,2070,460,53870,2023-03-01,Customer 60,male,India,31
61,1704,2045,300,71300,2023-03-02,Customer 61,male,China,23
62,2011,2391,530,46100,2023-03-03,Customer 62,female,Japan,31
63,1472,1748,600,49100,2023-03-04,Customer 63,male,United Kingdom,24
64,1310,1561,860,65920,2023-03-05,Customer 64,female,India,44
65,1544,1821,590,58660,2023-03-06,Customer 65,female,United Kingdom,70
66,1707,2052,920,69130,2023-03-07,Customer 66,female,Canada,56
67,1881,2262,570,49080,2023-03-08,Customer 67,female,Canada,39
68,1416,1681,290,72710,2023-03-09,Customer 68,female,Canada,22
69,1631,1941,650,33430,2023-03-10,Customer 69,male,India,40
70,1318,1576,710,42430,2023-03-11,Customer 70,male,China,66
71,1692,2019,850,56650,2023-03-12,Customer 71,female,Germany,29
72,1152,1380,530,33580,2023-03-13,Customer 72,male,China,51
73,891,1073,630,67370,2023-03-14,Customer 73,male,Germany,35
74,1468,1749,700,71780,2023-03-15,Customer 74,male,China,69
75,1539,1833,650,84840,2023-03-16,Customer 75,female,United Kingdom,56
76,1635,1956,720,82070,2023-03-17,Customer 76,female,Canada,56
77,1267,1520,450,26770,2023-03-18,Customer 77,female,India,29
78,1250,1475,1390,65560,2023-03-19,Customer 78,male,United Kingdom,49
79,1720,2044,960,38660,2023-03-20,Customer 79,male,India,20
80,1462,1761,600,65660,2023-03-21,Customer 80,female,Japan,62
81,1431,1711,620,40700,2023-03-22,Customer 81,male,United Kingdom,46
82,1539,1858,1020,88910,2023-03-23,Customer 82,male,India,19
83,1441,1723,330,57860,2023-03-24,Customer 83,male,Canada,26
84,1572,1884,1410,42670,2023-03-25,Customer 84,male,United Kingdom,45
85,1287,1525,1200,90180,2023-03-26,Customer 85,male,France,59
86,1468,1760,280,51280,2023-03-27,Customer 86,female,United Kingdom,39
87,1931,2342,940,97260,2023-03-28,Customer 87,male,United Kingdom,26
88,1252,1506,850,39650,2023-03-29,Customer 88,female,Brazil,36
89,1238,1468,960,45720,2023-03-30,Customer 89,female,India,59
90,1479,1758,420,42060,2023-03-31,Customer 90,male,China,64
91,1590,1912,830,65350,2023-04-01,Customer 91,female,United Kingdom,24
92,2169,2617,600,67080,2023-04-02,Customer 92,female,China,50
93,1838,2205,400,54030,2023-04-03,Customer 93,female,Japan,33
94,1385,1655,760,56360,2023-04-04,Customer 94,female,Brazil,60
95,1921,2305,1470,77120,2023-04-05,Customer 95,female,China,66
96,1975,2385,500,50810,2023-04-06,Customer 96,male,Japan,19
97,1853,2235,1120,60960,2023-04-07,Customer 97,male,Canada,26
98,1816,2171,1160,61180,2023-04-08,Customer 98,female,United Kingdom,34
99,1785,2147,820,63660,2023-04-09,Customer 99,female,United States,39
100,1579,1899,1140,41190,2023-04-10,Customer 100,female,France,27
101,1096,1321,900,78420,2023-04-11,Customer 101,female,France,47
102,1919,2294,760,65580,2023-04-12,Customer 102,female,United States,21
103,1262,1500,1170,89080,2023-04-13,Customer 103,male,United States,46
104,1374,1655,1080,94170,2023-04-14,Customer 104,female,Australia,30
105,1309,1587,1000,50950,2023-04-15,Customer 105,male,United States,49
106,1207,1434,690,65180,2023-04-16,Customer 106,male,United States,43
107,1692,2031,810,69310,2023-04-17,Customer 107,male,France,43
108,1929,2311,630,79210,2023-04-18,Customer 108,male,United Kingdom,45
109,1573,1878,650,23740,2023-04-19,Customer 109,male,United States,21
110,1415,1700,920,36330,2023-04-20,Customer 110,male,Australia,38
111,1162,1382,1260,51700,2023-04-21,Customer 111,female,Australia,47
112,1485,1787,800,62950,2023-04-22,Customer 112,male,Brazil,29
113,1897,2248,1330,56010,2023-04-23,Customer 113,female,Japan,28
114,1607,1927,940,45080,2023-04-24,Customer 114,male,France,65
115,1909,2287,1210,46830,2023-04-25,Customer 115,female,Australia,66
116,1274,1503,660,64750,2023-04-26,Customer 116,female,United States,46
117,1157,1379,770,80780,2023-04-27,Customer 117,male,United Kingdom,49
118,1712,2046,460,31180,2023-04-28,Customer 118,female,France,27
119,1500,1798,860,56710,2023-04-29,Customer 119,male,Germany,41
120,1682,2017,780,49390,2023-04-30,Customer 120,male,Japan,45
121,1441,1727,890,66000,2023-05-01,Customer 121,male,France,55
122,1525,1835,900,32770,2023-05-02,Customer 122,male,Japan,44
123,1408,1669,530,46580,2023-05-03,Customer 123,female,France,58
124,1947,2333,790,79780,2023-05-04,Customer 124,female,India,34
125,1164,1390,370,35510,2023-05-05,Customer 125,female,France,46
126,1787,2137,610,80970,2023-05-06,Customer 126,female,China,42
127,1871,2241,500,61150,2023-05-07,Customer 127,female,Japan,18
128,1718,2051,750,49210,2023-05-08,Customer 128,male,Germany,18
129,1365,1636,980,79950,2023-05-09,Customer 129,female,United Kingdom,18
130,1368,1654,530,68740,2023-05-10,Customer 130,female,India,22
131,1342,1595,910,57480,2023-05-11,Customer 131,female,Brazil,43
132,1076,1270,620,72630,2023-05-12,Customer 132,male,United Kingdom,59
133,1396,1672,1170,50070,2023-05-13,Customer 133,female,Japan,50
134,1713,2071,900,40490,2023-05-14,Customer 134,male,United States,34
135,1370,1638,980,51850,2023-05-15,Customer 135,male,Japan,23
136,1667,1993,740,42840,2023-05-16,Customer 136,female,United Kingdom,68
137,1638,1972,810,60940,2023-05-17,Customer 137,male,Japan,68
138,1581,1905,810,62280,2023-05-18,Customer 138,female,United States,50
139,1795,2187,300,76530,2023-05-19,Customer 139,female,United States,69
140,1179,1412,790,85130,2023-05-20,Customer 140,male,Brazil,61
141,1978,2374,800,48590,2023-05-21,Customer 141,male,United Kingdom,52
142,1688,2042,760,73080,2023-05-22,Customer 142,female,United Kingdom,50
143,1214,1456,530,48950,2023-05-23,Customer 143,male,India,51
144,1504,1805,540,48560,2023-05-24,Customer 144,male,United Kingdom,45
145,1498,1770,620,59380,2023-05-25,Customer 145,female,Canada,47
146,1462,1762,1010,51190,2023-05-26,Customer 146,male,United Kingdom,40
147,1442,1750,130,58920,2023-05-27,Customer 147,female,China,25
148,1250,1486,730,50360,2023-05-28,Customer 148,female,Canada,56
149,1229,1480,830,38070,2023-05-29,Customer 149,female,China,35
150,1936,2300,1060,49170,2023-05-30,Customer 150,male,India,22
151,1369,1629,770,39740,2023-05-31,Customer 151,female,Brazil,18
152,1662,1986,70,63730,2023-06-01,Customer 152,female,Canada,68
153,1548,1855,670,85330,2023-06-02,Customer 153,female,United States,23
154,1649,1963,490,27410,2023-06-03,Customer 154,male,Brazil,48
155,1393,1663,670,37320,2023-06-04,Customer 155,male,Germany,36
156,1450,1734,380,71120,2023-06-05,Customer 156,female,Australia,25
157,1613,1921,1200,72800,2023-06-06,Customer 157,male,France,68
158,1408,1696,350,34410,2023-06-07,Customer 158,female,Brazil,66
159,775,932,1090,42530,2023-06-08,Customer 159,male,United States,37
160,1275,1534,1230,54300,2023-06-09,Customer 160,female,United Kingdom,48
161,1740,2078,680,50780,2023-06-10,Customer 161,male,Germany,49
162,1372,1657,580,45020,2023-06-11,Customer 162,female,Germany,54
163,1414,1723,680,69600,2023-06-12,Customer 163,female,Brazil,65
164,2044,2474,340,80340,2023-06-13,Customer 164,male,United States,70
165,1823,2176,700,37810,2023-06-14,Customer 165,female,India,70
166,955,1133,580,46140,2023-06-15,Customer 166,female,Japan,23
167,1465,1763,680,99570,2023-06-16,Customer 167,female,United States,56
168,1331,1606,630,38650,2023-06-17,Customer 168,male,United States,66
169,1232,1487,860,49800,2023-06-18,Customer 169,male,Australia,47
170,1481,1765,490,69910,2023-06-19,Customer 170,male,France,55
171,1343,1599,870,44910,2023-06-20,Customer 171,female,China,34
172,1539,1837,990,78470,2023-06-21,Customer 172,female,Australia,56
173,1007,1207,670,47460,2023-06-22,Customer 173,female,France,70
174,1762,2145,490,33460,2023-06-23,Customer 174,male,China,65
175,1527,1832,580,44090,2023-06-24,Customer 175,male,Canada,22
176,1356,1619,700,42620,2023-06-25,Customer 176,female,Canada,44
177,1536,1848,670,69450,2023-06-26,Customer 177,female,China,44
178,1605,1902,390,73120,2023-06-27,Customer 178,male,United Kingdom,29
179,1704,2032,590,48300,2023-06-28,Customer 179,female,Canada,51
180,1626,1941,1350,58090,2023-06-29,Customer 180,male,United Kingdom,33
181,1612,1939,840,74250,2023-06-30,Customer 181,female,United States,56
182,1174,1396,1100,40930,2023-07-01,Customer 182,male,France,68
183,1923,2339,950,70930,2023-07-02,Customer 183,female,United Kingdom,54
184,1702,2053,950,64670,2023-07-03,Customer 184,female,United States,39
185,1398,1692,650,77420,2023-07-04,Customer 185,female,United States,63
186,1437,1717,230,32330,2023-07-05,Customer 186,male,United Kingdom,56
187,1524,1796,1060,41080,2023-07-06,Customer 187,female,France,64
188,1660,1985,1180,42860,2023-07-07,Customer 188,male,United Kingdom,48
189,1302,1569,710,68450,2023-07-08,Customer 189,male,Germany,58
190,1666,2000,480,39730,2023-07-09,Customer 190,female,India,38
191,1391,1649,810,83750,2023-07-10,Customer 191,male,Germany,34
192,1778,2148,1140,69940,2023-07-11,Customer 192,female,France,46
193,1462,1770,1070,67710,2023-07-12,Customer 193,female,United Kingdom,53
194,1751,2115,790,67360,2023-07-13,Customer 194,female,United Kingdom,36
195,1652,1982,690,52460,2023-07-14,Customer 195,female,Canada,69
196,1841,2215,610,88760,2023-07-15,Customer 196,female,Germany,36
197,1496,1791,1240,67030,2023-07-16,Customer 197,male,India,31
198,1504,1827,840,78230,2023-07-17,Customer 198,male,Germany,30
199,1524,1808,460,62270,2023-07-18,Customer 199,female,United States,51
200,1148,1371,940,49760,2023-07-19,Customer 200,female,Japan,32
201,1468,1744,590,73660,2023-07-20,Customer 201,female,Australia,37
202,1310,1558,890,72320,2023-07-21,Customer 202,male,Japan,28
203,1321,1579,770,68890,2023-07-22,Customer 203,female,Germany,56
204,992,1192,900,34180,2023-07-23,Customer 204,male,United Kingdom,55
205,1540,1857,1020,58260,2023-07-24,Customer 205,female,Australia,26
206,1807,2149,910,38120,2023-07-25,Customer 206,female,Japan,37
207,1526,1853,660,49070,2023-07-26,Customer 207,male,United States,23
208,1406,1677,480,61660,2023-07-27,Customer 208,female,Australia,48
209,1703,2055,1080,37830,2023-07-28,Customer 209,female,China,54
210,1575,1872,690,52270,2023-07-29,Customer 210,male,Canada,59
211,1309,1572,510,52280,2023-07-30,Customer 211,female,United States,45
212,1488,1807,1030,70810,2023-07-31,Customer 212,male,India,61
213,1658,1988,370,71530,2023-08-01,Customer 213,male,India,65
214,1863,2245,640,77260,2023-08-02,Customer 214,male,China,58
215,1458,1725,750,75550,2023-08-03,Customer 215,female,Australia,29
216,1604,1909,370,33730,2023-08-04,Customer 216,female,United Kingdom,52
217,1575,1899,840,66270,2023-08-05,Customer 217,female,Germany,57
218,1525,1829,840,55820,2023-08-06,Customer 218,male,Germany,42
219,1451,1737,890,68430,2023-08-07,Customer 219,female,United States,40
220,1390,1687,620,73990,2023-08-08,Customer 220,female,United States,62
221,1442,1742,310,62800,2023-08-09,Customer 221,female,United States,44
222,1620,1922,550,33740,2023-08-10,Customer 222,female,United Kingdom,23
223,1251,1527,380,63830,2023-08-11,Customer 223,female,Canada,39
224,1318,1606,1200,24410,2023-08-12,Customer 224,male,United Kingdom,64
225,1647,1962,800,70020,2023-08-13,Customer 225,female,Brazil,60
226,1829,2175,870,92240,2023-08-14,Customer 226,male,Canada,47
227,1852,2227,1220,68230,2023-08-15,Customer 227,male,Canada,30
228,1699,2053,1080,81870,2023-08-16,Customer 228,male,United Kingdom,68
229,1325,1595,540,73860,2023-08-17,Customer 229,female,United States,46
230,1350,1634,880,77120,2023-08-18,Customer 230,male,India,30
231,1347,1628,120,72350,2023-08-19,Customer 231,male,Japan,28
232,1397,1661,1410,49160,2023-08-20,Customer 232,male,China,50
233,1245,1499,570,45650,2023-08-21,Customer 233,male,China,27
234,1366,1649,940,52780,2023-08-22,Customer 234,female,Japan,70
235,1378,1658,760,90960,2023-08-23,Customer 235,female,India,56
236,1767,2110,1200,64950,2023-08-24,Customer 236,female,Canada,46
237,1184,1434,670,47230,2023-08-25,Customer 237,male,China,28
238,1257,1505,950,83250,2023-08-26,Customer 238,male,India,46
239,1863,2247,480,51950,2023-08-27,Customer 239,female,United Kingdom,50
240,1881,2244,920,66030,2023-08-28,Customer 240,male,Germany,23
241,1329,1609,1150,68590,2023-08-29,Customer 241,male,India,25
242,1539,1848,750,47140,2023-08-30,Customer 242,male,Australia,35
243,1557,1861,370,69940,2023-08-31,Customer 243,female,France,20
244,2007,2397,610,65890,2023-09-01,Customer 244,male,Australia,52
245,1185,1418,1150,89310,2023-09-02,Customer 245,female,India,35
246,1657,2003,1070,58540,2023-09-03,Customer 246,female,Japan,25
247,1294,1539,790,78130,2023-09-04,Customer 247,female,India,65
248,1296,1559,1070,92300,2023-09-05,Customer 248,female,India,49
249,1733,2097,730,56170,2023-09-06,Customer 249,male,Germany,67
250,1641,1976,620,46050,2023-09-07,Customer 250,female,United States,19
251,1373,1648,530,43390,2023-09-08,Customer 251,male,Brazil,26
252,1550,1845,700,61750,2023-09-09,Customer 252,female,Brazil,25
253,1583,1907,680,21830,2023-09-10,Customer 253,male,China,36
254,1428,1719,1060,39800,2023-09-11,Customer 254,male,United States,31
255,1604,1925,670,54370,2023-09-12,Customer 255,female,Canada,57
256,1439,1735,400,62470,2023-09-13,Customer 256,male,United Kingdom,25
257,1648,2003,910,82930,2023-09-14,Customer 257,female,China,19
258,1025,1231,760,63720,2023-09-15,Customer 258,female,France,28
259,2001,2394,540,79180,2023-09-16,Customer 259,female,Canada,34
260,1145,1370,350,38210,2023-09-17,Customer 260,male,India,20
261,1174,1426,980,25950,2023-09-18,Customer 261,male,Germany,51
262,913,1106,860,56610,2023-09-19,Customer 262,male,United States,43
263,1199,1433,1020,73710,2023-09-20,Customer 263,male,France,70
264,1875,2254,1120,70400,2023-09-21,Customer 264,male,Australia,28
265,1153,1397,1020,50440,2023-09-22,Customer 265,male,Japan,40
266,1240,1492,940,66840,2023-09-23,Customer 266,female,United States,66
267,1381,1660,970,50170,2023-09-24,Customer 267,female,United Kingdom,67
268,1701,2030,830,60140,2023-09-25,Customer 268,female,India,23
269,1206,1456,920,37130,2023-09-26,Customer 269,female,Canada,34
270,1476,1777,660,42890,2023-09-27,Customer 270,female,Germany,52
271,1189,1439,780,26220,2023-09-28,Customer 271,female,China,65
272,1837,2220,340,50840,2023-09-29,Customer 272,female,India,20
273,1319,1571,1190,25630,2023-09-30,Customer 273,female,Brazil,63
274,1617,1901,490,60770,2023-10-01,Customer 274,male,Australia,55
275,1631,1967,1090,69600,2023-10-02,Customer 275,female,France,60
276,1517,1805,1040,41740,2023-10-03,Customer 276,female,United Kingdom,58
277,1764,2109,1210,50130,2023-10-04,Customer 277,male,Germany,40
278,1572,1869,1030,21750,2023-10-05,Customer 278,female,China,69
279,1855,2197,1170,80490,2023-10-06,Customer 279,male,United States,21
280,1327,1571,730,34020,2023-10-07,Customer 280,male,Canada,37
281,1270,1515,720,60240,2023-10-08,Customer 281,female,China,49
282,1734,2073,500,39460,2023-10-09,Customer 282,male,Brazil,33
283,1533,1848,1070,56440,2023-10-10,Customer 283,male,China,55
284,1390,1646,800,46840,2023-10-11,Customer 284,male,United Kingdom,54
285,1856,2216,1020,64820,2023-10-12,Customer 285,male,Germany,37
286,1000,1215,1070,52520,2023-10-13,Customer 286,female,Japan,51
287,1313,1586,420,45940,2023-10-14,Customer 287,male,France,54
288,1494,1799,510,38970,2023-10-15,Customer 288,male,United States,54
289,1386,1674,1210,58610,2023-10-16,Customer 289,female,United Kingdom,55
290,1979,2364,660,30810,2023-10-17,Customer 290,male,Australia,69
291,1057,1264,360,47730,2023-10-18,Customer 291,female,Japan,24
292,902,1093,1210,64640,2023-10-19,Customer 292,male,Canada,58
293,1347,1622,560,44860,2023-10-20,Customer 293,male,Brazil,21
294,1314,1576,360,55660,2023-10-21,Customer 294,female,United States,65
295,1513,1803,970,57530,2023-10-22,Customer 295,male,India,68
296,1305,1548,480,75200,2023-10-23,Customer 296,female,Canada,28
297,1180,1436,690,37330,2023-10-24,Customer 297,male,China,24
298,1142,1352,710,35280,2023-10-25,Customer 298,female,Canada,66
299,1471,1768,780,70610,2023-10-26,Customer 299,male,Canada,20
300,1075,1288,630,49720,2023-10-27,Customer 300,male,Australia,47
301,1578,1885,220,68850,2023-10-28,Customer 301,female,United Kingdom,59
302,1585,1916,1110,50740,2023-10-29,Customer 302,male,Australia,70
303,1391,1648,720,77070,2023-10-30,Customer 303,male,Canada,24
304,1577,1892,560,74730,2023-10-31,Customer 304,male,Canada,19
305,1092,1314,600,76530,2023-11-01,Customer 305,female,France,57
306,1375,1681,440,68900,2023-11-02,Customer 306,female,United States,44
307,1523,1813,520,44960,2023-11-03,Customer 307,female,Brazil,27
308,1373,1654,410,41490,2023-11-04,Customer 308,female,India,58
309,1550,1871,590,74320,2023-11-05,Customer 309,female,United States,42
310,1614,1946,740,73800,2023-11-06,Customer 310,male,Brazil,33
311,1566,1889,610,56400,2023-11-07,Customer 311,female,Canada,69
312,2019,2396,540,71570,2023-11-08,Customer 312,male,United States,34
313,1494,1806,1450,43640,2023-11-09,Customer 313,male,United States,50
314,1659,2008,620,35120,2023-11-10,Customer 314,female,India,35
315,1766,2131,340,58670,2023-11-11,Customer 315,male,India,30
316,1293,1554,970,75800,2023-11-12,Customer 316,male,Australia,31
317,1375,1659,1080,76640,2023-11-13,Customer 317,male,Canada,67
318,1236,1484,560,31890,2023-11-14,Customer 318,male,United Kingdom,20
319,1332,1586,630,61670,2023-11-15,Customer 319,female,United States,23
320,1513,1825,980,75950,2023-11-16,Customer 320,male,United Kingdom,41
321,1208,1459,930,41490,2023-11-17,Customer 321,male,United Kingdom,69
322,1190,1429,470,66170,2023-11-18,Customer 322,male,United Kingdom,40
323,1448,1734,680,37980,2023-11-19,Customer 323,male,Japan,60
324,1771,2147,430,62710,2023-11-20,Customer 324,female,Brazil,63
325,1365,1645,830,60470,2023-11-21,Customer 325,male,Germany,44
326,1510,1810,950,35230,2023-11-22,Customer 326,female,United Kingdom,49
327,1458,1736,870,48550,2023-11-23,Customer 327,female,Australia,53
328,1808,2157,730,56810,2023-11-24,Customer 328,male,Australia,25
329,1615,1954,760,41080,2023-11-25,Customer 329,female,India,39
330,1640,1948,960,51270,2023-11-26,Customer 330,female,France,45
331,1060,1273,860,57500,2023-11-27,Customer 331,male,China,41
332,1633,1968,330,81470,2023-11-28,Customer 332,female,United Kingdom,62
333,1222,1473,630,49570,2023-11-29,Customer 333,female,China,36
334,1619,1957,1280,45580,2023-11-30,Customer 334,female,Brazil,67
335,1624,1973,1440,44660,2023-12-01,Customer 335,female,Germany,44
336,1887,2278,570,76240,2023-12-02,Customer 336,female,Germany,62
337,1320,1583,540,43720,2023-12-03,Customer 337,female,Japan,39
338,1450,1750,480,46700,2023-12-04,Customer 338,male,United Kingdom,26
339,1455,1764,390,84690,2023-12-05,Customer 339,male,United Kingdom,30
340,966,1172,900,85470,2023-12-06,Customer 340,female,France,54
341,1922,2290,290,80410,2023-12-07,Customer 341,male,Brazil,32
342,1678,1999,740,46650,2023-12-08,Customer 342,male,Australia,37
343,1638,1952,690,81840,2023-12-09,Customer 343,male,United States,38
344,1145,1375,950,63590,2023-12-10,Customer 344,male,United Kingdom,61
345,2004,2390,930,50130,2023-12-11,Customer 345,male,Brazil,70
346,1954,2378,810,45820,2023-12-12,Customer 346,female,Germany,52
347,1577,1879,760,86710,2023-12-13,Customer 347,female,Australia,59
348,1766,2138,580,49980,2023-12-14,Customer 348,male,Canada,37
349,1362,1634,770,82940,2023-12-15,Customer 349,male,Germany,43
350,1886,2228,1530,40350,2023-12-16,Customer 350,male,India,47
351,1291,1546,420,93950,2023-12-17,Customer 351,female,Brazil,45
352,1584,1897,1210,47310,2023-12-18,Customer 352,male,France,58
353,1397,1686,850,21300,2023-12-19,Customer 353,female,United States,55
354,1445,1709,1340,62180,2023-12-20,Customer 354,male,Brazil,24
355,1433,1707,1160,61460,2023-12-21,Customer 355,male,France,46
356,1269,1511,500,54360,2023-12-22,Customer 356,male,France,28
357,1798,2134,820,72050,2023-12-23,Customer 357,male,Brazil,57
358,1514,1822,670,48090,2023-12-24,Customer 358,male,Japan,44
359,1015,1216,460,27310,2023-12-25,Customer 359,female,Australia,62
360,1495,1799,950,57160,2023-12-26,Customer 360,male,United States,47
361,1759,2095,980,34190,2023-12-27,Customer 361,male,Germany,46
362,1219,1468,850,35600,2023-12-28,Customer 362,male,India,58
363,1571,1877,580,54670,2023-12-29,Customer 363,male,United Kingdom,39
364,1404,1670,620,76730,2023-12-30,Customer 364,female,United States,61
365,1124,1369,650,63540,2023-12-31,Customer 365,male,China,23
366,1514,1837,1130,36690,2024-01-01,Customer 366,male,France,24
367,1207,1476,720,87370,2024-01-02,Customer 367,male,United Kingdom,44
368,1484,1774,940,59800,2024-01-03,Customer 368,female,Australia,40
369,1398,1678,920,48030,2024-01-04,Customer 369,male,India,22
370,1769,2112,660,96650,2024-01-05,Customer 370,female,China,49
371,1111,1322,610,65500,2024-01-06,Customer 371,female,Germany,32
372,1078,1305,1190,55530,2024-01-07,Customer 372,male,United Kingdom,36
373,1876,2254,1340,21650,2024-01-08,Customer 373,male,Australia,34
374,1909,2306,820,31940,2024-01-09,Customer 374,male,United States,24
375,1940,2343,1130,84690,2024-01-10,Customer 375,female,Canada,19
376,1391,1683,890,68390,2024-01-11,Customer 376,male,Japan,23
377,1496,1774,810,75490,2024-01-12,Customer 377,male,United States,26
378,1412,1699,680,39200,2024-01-13,Customer 378,male,India,61
379,1121,1345,320,85670,2024-01-14,Customer 379,female,France,32
380,1691,2026,700,60530,2024-01-15,Customer 380,female,China,43
381,1599,1946,940,78090,2024-01-16,Customer 381,female,United States,31
382,1208,1467,910,50720,2024-01-17,Customer 382,female,France,48
383,1454,1737,870,23090,2024-01-18,Customer 383,male,United Kingdom,57
384,1555,1881,1260,91360,2024-01-19,Customer 384,male,India,42
385,1554,1852,440,48120,2024-01-20,Customer 385,female,China,35
386,1491,1800,980,75620,2024-01-21,Customer 386,female,Japan,22
387,1415,1697,1200,39420,2024-01-22,Customer 387,female,Germany,58
388,1487,1801,890,51130,2024-01-23,Customer 388,male,India,23
389,1339,1589,1050,33890,2024-01-24,Customer 389,male,United States,40
390,1320,1562,610,87170,2024-01-25,Customer 390,female,Germany,23
391,1509,1799,960,38600,2024-01-26,Customer 391,male,Japan,20
392,1406,1680,860,60980,2024-01-27,Customer 392,male,India,46
393,1264,1502,800,79410,2024-01-28,Customer 393,male,France,26
394,1905,2280,1060,82350,2024-01-29,Customer 394,female,United Kingdom,41
395,1209,1464,600,36740,2024-01-30,Customer 395,male,United States,53
396,1546,1829,380,27720,2024-01-31,Customer 396,female,Germany,27
397,1689,2044,1140,32260,2024-02-01,Customer 397,female,United Kingdom,49
398,1153,1381,730,53270,2024-02-02,Customer 398,female,Canada,32
399,2063,2493,810,51480,2024-02-03,Customer 399,female,Brazil,63
400,1848,2254,1000,59970,2024-02-04,Customer 400,female,China,65
401,1718,2056,1220,83600,2024-02-05,Customer 401,male,United Kingdom,66
402,1480,1773,360,63020,2024-02-06,Customer 402,female,United Kingdom,47
403,1439,1724,900,50920,2024-02-07,Customer 403,female,Brazil,25
404,1576,1896,750,56450,2024-02-08,Customer 404,female,Australia,24
405,1948,2374,930,89540,2024-02-09,Customer 405,male,Germany,62
406,1613,1893,1180,46030,2024-02-10,Customer 406,female,Australia,39
407,896,1059,870,75110,2024-02-11,Customer 407,female,Australia,42
408,1625,1943,680,74520,2024-02-12,Customer 408,male,India,69
409,1303,1587,1310,102310,2024-02-13,Customer 409,female,United Kingdom,25
410,1340,1605,1000,53400,2024-02-14,Customer 410,male,France,38
411,1410,1704,1130,59760,2024-02-15,Customer 411,female,United Kingdom,51
412,1432,1719,990,49540,2024-02-16,Customer 412,male,United Kingdom,68
413,1891,2280,360,51560,2024-02-17,Customer 413,male,United Kingdom,34
414,1322,1583,720,49510,2024-02-18,Customer 414,male,United Kingdom,42
415,1378,1670,950,58610,2024-02-19,Customer 415,female,Australia,41
416,1462,1732,840,68260,2024-02-20,Customer 416,male,United Kingdom,50
417,1440,1733,1120,65310,2024-02-21,Customer 417,male,Japan,51
418,1421,1724,920,52090,2024-02-22,Customer 418,male,Australia,59
419,1280,1530,1240,43860,2024-02-23,Customer 419,male,United Kingdom,70
420,1431,1710,840,74170,2024-02-24,Customer 420,male,France,55
421,1161,1404,430,58380,2024-02-25,Customer 421,female,Australia,70
422,1175,1405,810,91200,2024-02-26,Customer 422,female,United States,24
423,1395,1662,920,90940,2024-02-27,Customer 423,female,Australia,55
424,1443,1755,880,49330,2024-02-28,Customer 424,female,United States,63
425,1247,1523,1350,53500,2024-02-29,Customer 425,male,India,46
426,1788,2133,1000,54590,2024-03-01,Customer 426,male,United Kingdom,21
427,1138,1375,1220,57450,2024-03-02,Customer 427,male,Japan,41
428,1709,2042,430,33240,2024-03-03,Customer 428,female,India,29
429,1777,2145,520,80790,2024-03-04,Customer 429,male,United States,19
430,1612,1918,580,61000,2024-03-05,Customer 430,male,Japan,43
431,1618,1943,460,47620,2024-03-06,Customer 431,female,China,56
432,1311,1571,470,72090,2024-03-07,Customer 432,male,Brazil,53
433,1365,1638,680,102920,2024-03-08,Customer 433,female,India,28
434,1249,1503,950,61970,2024-03-09,Customer 434,female,Canada,29
435,1373,1635,840,61040,2024-03-10,Customer 435,male,Germany,34
436,1536,1836,990,52060,2024-03-11,Customer 436,female,Japan,22
437,1744,2101,520,69570,2024-03-12,Customer 437,male,Brazil,30
438,1513,1820,520,66020,2024-03-13,Customer 438,male,France,25
439,1297,1561,1070,40000,2024-03-14,Customer 439,female,France,68
440,1908,2304,990,79500,2024-03-15,Customer 440,female,United Kingdom,39
441,1721,2076,710,76300,2024-03-16,Customer 441,female,Australia,62
442,1243,1491,430,69030,2024-03-17,Customer 442,male,United Kingdom,54
443,1472,1766,1290,57140,2024-03-18,Customer 443,female,Brazil,24
444,1307,1570,1080,41710,2024-03-19,Customer 444,male,Australia,61
445,1628,1959,890,71480,2024-03-20,Customer 445,female,France,20
446,1556,1869,1000,33010,2024-03-21,Customer 446,male,Japan,61
447,1179,1428,1290,74570,2024-03-22,Customer 447,male,China,51
448,1768,2123,860,49590,2024-03-23,Customer 448,female,France,70
449,1378,1656,1010,73170,2024-03-24,Customer 449,male,United States,23
450,1685,2015,1160,79220,2024-03-25,Customer 450,male,China,51
451,1474,1759,880,75880,2024-03-26,Customer 451,female,India,29
452,1794,2137,670,67610,2024-03-27,Customer 452,female,Germany,60
453,1086,1291,930,69090,2024-03-28,Customer 453,female,India,61
454,1808,2154,990,35220,2024-03-29,Customer 454,female,United Kingdom,55
455,1501,1790,450,53940,2024-03-30,Customer 455,female,United States,68
456,1353,1598,690,56660,2024-03-31,Customer 456,female,Brazil,67
457,1455,1757,650,67520,2024-04-01,Customer 457,male,India,60
458,1165,1411,1020,38620,2024-04-02,Customer 458,male,United Kingdom,67
459,1332,1610,880,38890,2024-04-03,Customer 459,male,United States,67
460,1396,1668,760,79270,2024-04-04,Customer 460,female,United Kingdom,59
461,1513,1821,690,42880,2024-04-05,Customer 461,male,Germany,24
462,1618,1940,630,44240,2024-04-06,Customer 462,female,India,32
463,1845,2233,370,43190,2024-04-07,Customer 463,female,China,42
464,1172,1411,460,74550,2024-04-08,Customer 464,female,France,62
465,1436,1737,770,57090,2024-04-09,Customer 465,male,Germany,49
466,1738,2065,750,56480,2024-04-10,Customer 466,female,Australia,65
467,2229,2667,660,87410,2024-04-11,Customer 467,male,Australia,47
468,1490,1783,730,81370,2024-04-12,Customer 468,female,United Kingdom,44
469,1060,1279,670,97360,2024-04-13,Customer 469,male,United Kingdom,45
470,2015,2436,680,77960,2024-04-14,Customer 470,female,India,43
471,1611,1919,960,71240,2024-04-15,Customer 471,female,United States,51
472,1187,1417,1230,58940,2024-04-16,Customer 472,male,United States,42
473,1430,1690,800,78950,2024-04-17,Customer 473,female,Germany,58
474,1543,1840,450,36380,2024-04-18,Customer 474,female,Japan,45
475,1836,2195,940,45160,2024-04-19,Customer 475,male,France,19
476,1463,1764,1060,69050,2024-04-20,Customer 476,male,Germany,33
477,1213,1462,560,56830,2024-04-21,Customer 477,female,United States,23
478,1244,1480,860,93530,2024-04-22,Customer 478,female,France,62
479,1745,2108,730,46920,2024-04-23,Customer 479,female,China,34
480,933,1121,940,55990,2024-04-24,Customer 480,male,Australia,26
481,1764,2132,920,40840,2024-04-25,Customer 481,male,United States,18
482,1675,2002,1050,64990,2024-04-26,Customer 482,male,United Kingdom,28
483,1688,2046,380,53550,2024-04-27,Customer 483,male,United Kingdom,41
484,1842,2204,930,51320,2024-04-28,Customer 484,male,China,61
485,1316,1597,980,36560,2024-04-29,Customer 485,male,China,58
486,1440,1719,580,66050,2024-04-30,Customer 486,female,France,27
487,1760,2111,680,52400,2024-05-01,Customer 487,female,United Kingdom,34
488,1323,1571,850,27970,2024-05-02,Customer 488,male,India,56
489,1230,1466,730,67100,2024-05-03,Customer 489,female,United Kingdom,35
490,1540,1838,570,43710,2024-05-04,Customer 490,male,China,26
491,1167,1388,620,38600,2024-05-05,Customer 491,male,United Kingdom,35
492,1429,1695,890,53890,2024-05-06,Customer 492,female,China,46
493,1491,1770,800,52610,2024-05-07,Customer 493,male,United Kingdom,19
494,1313,1574,920,43130,2024-05-08,Customer 494,male,United Kingdom,40
495,1609,1943,920,40300,2024-05-09,Customer 495,male,Australia,36
496,1109,1342,760,49750,2024-05-10,Customer 496,female,United Kingdom,64
497,1207,1440,500,43840,2024-05-11,Customer 497,female,China,37
498,902,1087,680,56820,2024-05-12,Customer 498,male,France,40
499,1191,1422,770,36350,2024-05-13,Customer 499,female,United States,59
500,1335,1601,460,50820,2024-05-14,Customer 500,female,India,61
501,1382,1660,1070,83720,2024-05-15,Customer 501,male,France,66
502,1588,1906,450,46970,2024-05-16,Customer 502,female,United States,23
503,1918,2284,310,78020,2024-05-17,Customer 503,male,India,45
504,1484,1774,880,45080,2024-05-18,Customer 504,female,France,36
505,1334,1607,370,55160,2024-05-19,Customer 505,male,China,30
506,1556,1846,760,72020,2024-05-20,Customer 506,male,Brazil,70
507,1784,2142,950,64010,2024-05-21,Customer 507,female,Germany,41
508,1244,1477,890,27840,2024-05-22,Customer 508,female,United States,50
509,1496,1787,800,58070,2024-05-23,Customer 509,female,United States,50
510,1719,2058,700,51760,2024-05-24,Customer 510,male,Canada,35
511,1678,2022,1050,66050,2024-05-25,Customer 511,female,Brazil,52
512,1247,1490,330,65750,2024-05-26,Customer 512,male,United States,18
513,1191,1421,980,65820,2024-05-27,Customer 513,female,United Kingdom,29
514,1832,2208,1090,46760,2024-05-28,Customer 514,male,France,46
515,1271,1523,1140,50940,2024-05-29,Customer 515,male,United States,43
516,1735,2084,820,56440,2024-05-30,Customer 516,female,France,65
517,1627,1948,890,32610,2024-05-31,Customer 517,male,Canada,40
518,1351,1616,650,62770,2024-06-01,Customer 518,female,United States,19
519,1520,1817,850,63600,2024-06-02,Customer 519,male,United States,51
520,1490,1788,360,45840,2024-06-03,Customer 520,female,Canada,56
521,1777,2117,780,38280,2024-06-04,Customer 521,male,Brazil,70
522,1688,2037,590,50960,2024-06-05,Customer 522,male,India,18
523,1537,1836,670,39480,2024-06-06,Customer 523,male,United States,33
524,1622,1968,340,69610,2024-06-07,Customer 524,male,United States,63
525,1148,1384,730,47800,2024-06-08,Customer 525,male,United States,62
526,1001,1194,1210,44890,2024-06-09,Customer 526,male,France,69
527,1857,2236,1280,67420,2024-06-10,Customer 527,female,France,30
528,1552,1869,710,78870,2024-06-11,Customer 528,male,China,33
529,1700,2064,940,70310,2024-06-12,Customer 529,female,Brazil,52
530,1554,1844,670,38530,2024-06-13,Customer 530,female,Australia,35
531,1482,1777,800,77570,2024-06-14,Customer 531,female,Germany,61
532,1275,1517,790,59920,2024-06-15,Customer 532,male,United States,39
533,1642,1981,720,54450,2024-06-16,Customer 533,male,Germany,27
534,1381,1633,1270,50250,2024-06-17,Customer 534,male,Japan,24
535,1381,1634,930,30790,2024-06-18,Customer 535,male,China,23
536,1057,1262,1490,35420,2024-06-19,Customer 536,male,Australia,42
537,1192,1445,810,43470,2024-06-20,Customer 537,male,United Kingdom,54
538,1601,1920,600,61000,2024-06-21,Customer 538,male,United Kingdom,19
539,1622,1968,210,64780,2024-06-22,Customer 539,male,India,32
540,1607,1909,460,39030,2024-06-23,Customer 540,female,Japan,39
541,2214,2647,740,65900,2024-06-24,Customer 541,male,United States,36
542,1633,1936,1320,46050,2024-06-25,Customer 542,male,France,42
543,1546,1845,760,59070,2024-06-26,Customer 543,female,Germany,63
544,1475,1753,920,44670,2024-06-27,Customer 544,female,China,31
545,1270,1519,920,58390,2024-06-28,Customer 545,male,United States,32
546,1185,1420,880,80370,2024-06-29,Customer 546,female,United Kingdom,30
547,1614,1938,1110,53230,2024-06-30,Customer 547,male,Brazil,38
548,1141,1353,1370,72000,2024-07-01,Customer 548,female,India,56
549,1244,1481,410,84040,2024-07-02,Customer 549,female,Germany,31
550,869,1050,850,52540,2024-07-03,Customer 550,male,United States,26
551,2049,2465,720,63510,2024-07-04,Customer 551,male,Brazil,52
552,1883,2262,570,42240,2024-07-05,Customer 552,male,India,47
553,1526,1842,690,39580,2024-07-06,Customer 553,male,China,35
554,1165,1390,1220,54610,2024-07-07,Customer 554,female,United Kingdom,58
555,1832,2185,840,87330,2024-07-08,Customer 555,female,India,60
556,1723,2072,560,88410,2024-07-09,Customer 556,male,France,62
557,932,1138,820,89760,2024-07-10,Customer 557,female,India,51
558,1137,1374,700,101780,2024-07-11,Customer 558,male,Canada,44
559,1231,1472,810,70290,2024-07-12,Customer 559,female,India,42
560,1237,1512,1070,88210,2024-07-13,Customer 560,female,United States,26
561,1371,1650,540,87160,2024-07-14,Customer 561,female,Germany,68
562,1767,2158,530,41540,2024-07-15,Customer 562,female,United States,63
563,1748,2092,580,49170,2024-07-16,Customer 563,male,Canada,43
564,1212,1440,500,63950,2024-07-17,Customer 564,male,United States,48
565,1466,1743,1200,70810,2024-07-18,Customer 565,female,Germany,48
566,1152,1386,980,49590,2024-07-19,Customer 566,female,Brazil,46
567,1439,1703,1000,67290,2024-07-20,Customer 567,female,India,20
568,2026,2400,720,51240,2024-07-21,Customer 568,female,United Kingdom,65
569,1772,2146,1030,48540,2024-07-22,Customer 569,female,France,40
570,1511,1822,420,72410,2024-07-23,Customer 570,male,United Kingdom,22
571,1199,1461,1070,54370,2024-07-24,Customer 571,female,United Kingdom,67
572,1834,2184,830,94460,2024-07-25,Customer 572,female,Brazil,65
573,1143,1375,940,85160,2024-07-26,Customer 573,male,China,34
574,1494,1794,550,52130,2024-07-27,Customer 574,female,United Kingdom,57
575,1770,2131,1140,54650,2024-07-28,Customer 575,female,United Kingdom,66
576,1455,1747,750,69320,2024-07-29,Customer 576,male,Japan,31
577,1141,1372,620,51480,2024-07-30,Customer 577,female,United Kingdom,36
578,1586,1886,660,50060,2024-07-31,Customer 578,female,China,39
579,1701,2034,660,62180,2024-08-01,Customer 579,female,Japan,25
580,1860,2246,410,79780,2024-08-02,Customer 580,female,United States,23
581,1167,1406,440,42860,2024-08-03,Customer 581,male,Japan,36
582,1424,1716,630,54410,2024-08-04,Customer 582,female,China,61
583,1710,2053,730,69390,2024-08-05,Customer 583,female,Australia,46
584,1408,1708,220,42810,2024-08-06,Customer 584,male,Germany,24
585,1517,1831,610,30840,2024-08-07,Customer 585,male,France,18
586,1227,1476,720,56260,2024-08-08,Customer 586,male,United States,59
587,1609,1930,740,76470,2024-08-09,Customer 587,male,France,45
588,1553,1831,740,35680,2024-08-10,Customer 588,female,China,40
589,1814,2174,770,90070,2024-08-11,Customer 589,male,China,53
590,1240,1493,590,33120,2024-08-12,Customer 590,female,United Kingdom,39
591,1206,1437,1330,54060,2024-08-13,Customer 591,female,United States,49
592,1847,2186,910,75120,2024-08-14,Customer 592,male,France,51
593,1009,1202,330,41600,2024-08-15,Customer 593,male,France,19
594,1624,1946,870,20270,2024-08-16,Customer 594,female,United States,23
595,1612,1931,790,60060,2024-08-17,Customer 595,male,India,28
596,1498,1805,1270,82270,2024-08-18,Customer 596,female,Germany,29
597,946,1125,590,29170,2024-08-19,Customer 597,female,Japan,45
598,1563,1872,1080,68420,2024-08-20,Customer 598,male,Brazil,26
599,1664,2016,830,59130,2024-08-21,Customer 599,male,United States,36
600,1619,1947,910,74330,2024-08-22,Customer 600,male,Australia,65
601,1433,1722,830,77080,2024-08-23,Customer 601,male,Australia,63
602,1241,1489,1380,76250,2024-08-24,Customer 602,female,United States,44
603,1429,1720,1180,59540,2024-08-25,Customer 603,female,United Kingdom,34
604,1241,1488,770,54690,2024-08-26,Customer 604,female,United Kingdom,29
605,1078,1306,680,84360,2024-08-27,Customer 605,female,Japan,48
606,1690,2065,910,51420,2024-08-28,Customer 606,male,Germany,30
607,1289,1536,540,65120,2024-08-29,Customer 607,male,United States,37
608,1581,1894,760,49380,2024-08-30,Customer 608,male,Canada,33
609,1608,1945,760,37830,2024-08-31,Customer 609,male,Brazil,39
610,1344,1608,730,35980,2024-09-01,Customer 610,male,India,30
611,1513,1804,430,69190,2024-09-02,Customer 611,female,China,50
612,1529,1839,1000,50590,2024-09-03,Customer 612,female,United States,20
613,1677,2014,660,60800,2024-09-04,Customer 613,male,Brazil,27
614,1015,1229,930,31180,2024-09-05,Customer 614,male,United States,27
615,1438,1751,760,77790,2024-09-06,Customer 615,male,India,65
616,1426,1718,370,47570,2024-09-07,Customer 616,female,United States,70
617,1412,1701,630,69130,2024-09-08,Customer 617,female,Germany,48
618,1622,1944,360,75970,2024-09-09,Customer 618,male,United Kingdom,48
619,1503,1791,630,68350,2024-09-10,Customer 619,female,United States,52
620,1501,1789,670,41680,2024-09-11,Customer 620,female,Australia,32
621,1971,2342,690,86560,2024-09-12,Customer 621,female,United Kingdom,32
622,1383,1687,830,81390,2024-09-13,Customer 622,male,France,48
623,1371,1635,720,50730,2024-09-14,Customer 623,male,Germany,41
624,1508,1823,520,71290,2024-09-15,Customer 624,female,Brazil,26
625,1057,1284,750,70110,2024-09-16,Customer 625,male,India,42
626,1411,1680,1070,61590,2024-09-17,Customer 626,female,Japan,37
627,1466,1746,590,69370,2024-09-18,Customer 627,male,Australia,30
628,1545,1888,600,67110,2024-09-19,Customer 628,female,India,42
629,2044,2408,380,82020,2024-09-20,Customer 629,female,Canada,42
630,1887,2264,830,62050,2024-09-21,Customer 630,female,China,63
631,1505,1836,940,61730,2024-09-22,Customer 631,male,Germany,55
632,1422,1722,560,58660,2024-09-23,Customer 632,male,Australia,47
633,1564,1869,1030,53370,2024-09-24,Customer 633,male,United Kingdom,60
634,1510,1810,730,39700,2024-09-25,Customer 634,male,China,67
635,1568,1920,890,53750,2024-09-26,Customer 635,male,United States,63
636,1933,2338,1140,44730,2024-09-27,Customer 636,male,Germany,43
637,1501,1822,590,49350,2024-09-28,Customer 637,female,United States,55
638,1593,1911,580,43340,2024-09-29,Customer 638,male,Australia,45
639,1812,2189,310,78090,2024-09-30,Customer 639,male,Canada,60
640,1580,1895,720,54950,2024-10-01,Customer 640,female,France,18
641,1440,1749,490,75530,2024-10-02,Customer 641,female,United States,29
642,1100,1331,1010,57330,2024-10-03,Customer 642,female,Germany,38
643,1534,1841,680,87930,2024-10-04,Customer 643,female,India,28
644,1299,1555,1020,56850,2024-10-05,Customer 644,male,Canada,19
645,1767,2121,1050,78430,2024-10-06,Customer 645,male,United States,39
646,1368,1649,740,63660,2024-10-07,Customer 646,male,United States,53
647,1393,1670,410,62960,2024-10-08,Customer 647,male,France,49
648,1327,1590,770,81870,2024-10-09,Customer 648,male,Germany,25
649,1514,1794,1400,54820,2024-10-10,Customer 649,female,France,62
650,1989,2414,860,116320,2024-10-11,Customer 650,female,Canada,24
651,1334,1584,840,57200,2024-10-12,Customer 651,female,Brazil,24
652,1533,1817,950,84360,2024-10-13,Customer 652,male,United States,29
653,1809,2145,940,36530,2024-10-14,Customer 653,male,United Kingdom,22
654,1607,1933,930,81260,2024-10-15,Customer 654,male,France,60
655,1165,1387,1060,82350,2024-10-16,Customer 655,female,United Kingdom,42
656,1193,1430,560,80830,2024-10-17,Customer 656,female,Japan,61
657,1709,2065,670,30610,2024-10-18,Customer 657,female,United States,47
658,1525,1839,540,51310,2024-10-19,Customer 658,male,United Kingdom,39
659,1348,1623,1010,72940,2024-10-20,Customer 659,female,United States,51
660,1132,1366,1340,52450,2024-10-21,Customer 660,female,United States,28
661,1667,2020,980,66070,2024-10-22,Customer 661,male,United States,23
662,1427,1720,630,43190,2024-10-23,Customer 662,male,India,47
663,1211,1447,1110,40730,2024-10-24,Customer 663,female,Australia,34
664,1717,2048,700,78530,2024-10-25,Customer 664,male,India,62
665,1766,2111,580,94690,2024-10-26,Customer 665,male,Germany,67
666,1086,1299,1050,44400,2024-10-27,Customer 666,male,Germany,55
667,1410,1692,790,73800,2024-10-28,Customer 667,female,France,31
668,1476,1760,600,37390,2024-10-29,Customer 668,male,France,22
669,1068,1278,440,64120,2024-10-30,Customer 669,female,China,57
670,1485,1785,1340,66160,2024-10-31,Customer 670,female,India,41
671,1461,1739,1250,22310,2024-11-01,Customer 671,female,United States,60
672,1685,2010,990,62380,2024-11-02,Customer 672,male,China,21
673,1624,1958,290,63850,2024-11-03,Customer 673,female,United States,41
674,1658,2000,350,36210,2024-11-04,Customer 674,female,Japan,69
675,1427,1677,210,54590,2024-11-05,Customer 675,male,France,18
676,1755,2072,810,69610,2024-11-06,Customer 676,male,United States,68
677,1211,1472,790,65390,2024-11-07,Customer 677,male,United Kingdom,48
678,1591,1896,780,78130,2024-11-08,Customer 678,female,United Kingdom,67
679,1797,2126,730,55710,2024-11-09,Customer 679,female,Australia,54
680,1519,1823,1040,69210,2024-11-10,Customer 680,female,Germany,38
681,1637,1958,760,59940,2024-11-11,Customer 681,male,Canada,56
682,1451,1750,570,72550,2024-11-12,Customer 682,male,United Kingdom,34
683,1203,1446,620,44260,2024-11-13,Customer 683,male,United States,25
684,1884,2262,310,56910,2024-11-14,Customer 684,female,Germany,35
685,1540,1820,310,82390,2024-11-15,Customer 685,male,Brazil,53
686,1121,1332,790,54590,2024-11-16,Customer 686,male,United States,68
687,1307,1562,490,69990,2024-11-17,Customer 687,male,Brazil,46
688,1475,1775,230,72740,2024-11-18,Customer 688,female,India,20
689,1160,1401,900,35360,2024-11-19,Customer 689,female,United Kingdom,52
690,1078,1276,640,94370,2024-11-20,Customer 690,female,United Kingdom,41
691,1191,1436,840,43520,2024-11-21,Customer 691,female,Canada,52
692,1317,1569,780,36000,2024-11-22,Customer 692,male,Brazil,33
693,1548,1858,480,99480,2024-11-23,Customer 693,male,United States,44
694,1560,1883,1040,83220,2024-11-24,Customer 694,female,India,30
695,1297,1529,870,52940,2024-11-25,Customer 695,female,India,59
696,1645,1958,530,93360,2024-11-26,Customer 696,male,United Kingdom,30
697,1225,1455,750,73590,2024-11-27,Customer 697,female,United States,52
698,1421,1704,840,53840,2024-11-28,Customer 698,male,France,44
699,1655,1956,800,47350,2024-11-29,Customer 699,male,Canada,70
700,1615,1928,660,65080,2024-11-30,Customer 700,male,France,60
701,1872,2262,560,62050,2024-12-01,Customer 701,female,Canada,38
702,1317,1581,910,30020,2024-12-02,Customer 702,female,China,66
703,1434,1729,480,49510,2024-12-03,Customer 703,male,Australia,60
704,1791,2167,700,64320,2024-12-04,Customer 704,male,United Kingdom,26
705,932,1120,660,35590,2024-12-05,Customer 705,female,France,45
706,1609,1924,1170,63050,2024-12-06,Customer 706,female,United States,40
707,1495,1793,1020,65300,2024-12-07,Customer 707,female,United Kingdom,46
708,1769,2153,580,69560,2024-12-08,Customer 708,female,China,69
709,1693,2032,610,41910,2024-12-09,Customer 709,female,Canada,35
710,1247,1497,590,28330,2024-12-10,Customer 710,female,China,33
711,1502,1815,190,55980,2024-12-11,Customer 711,male,China,43
712,1360,1612,490,61080,2024-12-12,Customer 712,male,United States,65
713,1542,1844,680,51380,2024-12-13,Customer 713,female,United Kingdom,45
714,1631,1947,670,84410,2024-12-14,Customer 714,male,India,64
715,1246,1482,1070,60680,2024-12-15,Customer 715,male,Canada,45
716,1990,2384,1110,64690,2024-12-16,Customer 716,male,United States,58
717,967,1154,560,45780,2024-12-17,Customer 717,male,Australia,59
718,1582,1894,1100,41800,2024-12-18,Customer 718,male,Germany,18
719,1430,1743,970,53230,2024-12-19,Customer 719,male,United Kingdom,22
720,1827,2160,930,36160,2024-12-20,Customer 720,female,United Kingdom,58
721,1118,1338,1040,40450,2024-12-21,Customer 721,female,France,39
722,1766,2109,1120,57910,2024-12-22,Customer 722,female,France,62
723,1799,2173,910,36280,2024-12-23,Customer 723,male,United States,28
724,1167,1411,440,39190,2024-12-24,Customer 724,male,China,28
725,1493,1795,530,62380,2024-12-25,Customer 725,female,France,70
726,1445,1734,900,21470,2024-12-26,Customer 726,male,United Kingdom,58
727,1033,1237,740,34610,2024-12-27,Customer 727,female,United Kingdom,28
728,1440,1711,1020,88120,2024-12-28,Customer 728,male,Germany,44
729,1487,1773,970,59190,2024-12-29,Customer 729,female,India,28
730,1854,2205,890,36290,2024-12-30,Customer 730,female,Brazil,24
731,1748,2086,550,53760,2024-12-31,Customer 731,male,China,69
732,1937,2310,520,66300,2025-01-01,Customer 732,male,Brazil,40
733,1641,1999,950,93000,2025-01-02,Customer 733,female,United States,23
734,1659,1999,650,65660,2025-01-03,Customer 734,female,Japan,26
735,1743,2061,860,81930,2025-01-04,Customer 735,male,France,40
736,1449,1733,320,60060,2025-01-05,Customer 736,male,Germany,70
737,1098,1309,860,59530,2025-01-06,Customer 737,female,United Kingdom,41
738,1121,1351,900,46380,2025-01-07,Customer 738,male,Canada,23
739,1526,1858,550,76200,2025-01-08,Customer 739,female,United Kingdom,32
740,1358,1645,770,56860,2025-01-09,Customer 740,male,India,41
741,1336,1616,710,86620,2025-01-10,Customer 741,female,Germany,46
742,1502,1802,840,49730,2025-01-11,Customer 742,male,United Kingdom,54
743,1534,1858,860,88370,2025-01-12,Customer 743,male,United Kingdom,25
744,1418,1699,870,49160,2025-01-13,Customer 744,male,Canada,65
745,854,1018,660,77740,2025-01-14,Customer 745,male,China,65
746,1450,1728,930,38560,2025-01-15,Customer 746,female,United Kingdom,55
747,1474,1776,1020,51990,2025-01-16,Customer 747,female,Germany,62
748,1524,1819,1190,39970,2025-01-17,Customer 748,female,France,52
749,1361,1638,1140,46040,2025-01-18,Customer 749,male,Brazil,33
750,1398,1683,490,49500,2025-01-19,Customer 750,female,Canada,60
751,1085,1308,1170,76670,2025-01-20,Customer 751,female,Australia,69
752,1660,1979,480,75800,2025-01-21,Customer 752,male,United Kingdom,34
753,1648,2017,930,81720,2025-01-22,Customer 753,female,United Kingdom,56
754,1453,1749,890,58440,2025-01-23,Customer 754,male,Germany,45
755,1323,1591,680,85720,2025-01-24,Customer 755,male,Canada,52
756,1385,1643,740,70940,2025-01-25,Customer 756,male,India,65
757,1250,1506,990,62420,2025-01-26,Customer 757,female,India,61
758,1389,1683,680,56880,2025-01-27,Customer 758,male,United States,60
759,1486,1758,820,101820,2025-01-28,Customer 759,male,United Kingdom,43
760,1655,1993,440,86890,2025-01-29,Customer 760,female,China,44
761,1645,1963,900,47300,2025-01-30,Customer 761,female,Brazil,54
762,1464,1771,1080,31270,2025-01-31,Customer 762,female,China,39
763,1197,1428,830,65410,2025-02-01,Customer 763,male,Canada,23
764,1878,2264,310,54200,2025-02-02,Customer 764,female,United Kingdom,69
765,1150,1378,730,67390,2025-02-03,Customer 765,male,France,62
766,1562,1881,740,54530,2025-02-04,Customer 766,female,Australia,69
767,1596,1939,960,79760,2025-02-05,Customer 767,male,France,29
768,1119,1345,790,78060,2025-02-06,Customer 768,female,Canada,65
769,1116,1347,700,74080,2025-02-07,Customer 769,male,United States,62
770,1934,2349,750,52990,2025-02-08,Customer 770,male,United States,61
771,1299,1540,590,70580,2025-02-09,Customer 771,male,India,54
772,1417,1689,570,34310,2025-02-10,Customer 772,female,Brazil,66
773,1235,1503,660,74160,2025-02-11,Customer 773,female,United Kingdom,59
774,1497,1815,700,59190,2025-02-12,Customer 774,female,France,41
775,1430,1704,1070,43370,2025-02-13,Customer 775,female,China,59
776,1537,1877,660,17670,2025-02-14,Customer 776,male,China,38
777,1444,1742,840,56710,2025-02-15,Customer 777,female,Brazil,25
778,1477,1798,850,59820,2025-02-16,Customer 778,male,Brazil,31
779,1041,1246,600,36190,2025-02-17,Customer 779,female,Brazil,69
780,1226,1472,710,60440,2025-02-18,Customer 780,female,Germany,32
781,1489,1783,450,75300,2025-02-19,Customer 781,male,United Kingdom,38
782,1549,1871,740,74080,2025-02-20,Customer 782,female,United Kingdom,39
783,1073,1280,1240,60440,2025-02-21,Customer 783,female,United States,28
784,1473,1785,570,80720,2025-02-22,Customer 784,female,United Kingdom,59
785,2013,2396,580,47060,2025-02-23,Customer 785,male,United States,49
786,1975,2368,450,86830,2025-02-24,Customer 786,male,France,21
787,1561,1877,790,56790,2025-02-25,Customer 787,male,Canada,49
788,1427,1723,1040,67090,2025-02-26,Customer 788,male,France,40
789,1441,1747,670,44370,2025-02-27,Customer 789,male,France,21
790,1275,1548,370,82970,2025-02-28,Customer 790,female,China,22
791,1574,1876,620,56230,2025-03-01,Customer 791,male,Japan,54
792,1511,1791,1010,53760,2025-03-02,Customer 792,male,United States,21
793,1428,1713,550,55390,2025-03-03,Customer 793,female,United Kingdom,64
794,1388,1672,800,73500,2025-03-04,Customer 794,female,France,38
795,1057,1280,610,41050,2025-03-05,Customer 795,male,United States,64
796,1440,1747,1090,67320,2025-03-06,Customer 796,female,Germany,34
797,1349,1610,700,65890,2025-03-07,Customer 797,female,Japan,44
798,1536,1808,830,56380,2025-03-08,Customer 798,female,India,29
799,2019,2420,850,85670,2025-03-09,Customer 799,female,Canada,34
800,1236,1508,1260,70830,2025-03-10,Customer 800,male,United States,56
801,1436,1715,1030,48180,2025-03-11,Customer 801,male,Australia,33
802,1862,2248,1160,51910,2025-03-12,Customer 802,female,Brazil,63
803,1200,1442,880,44320,2025-03-13,Customer 803,male,United Kingdom,28
804,1360,1650,420,58940,2025-03-14,Customer 804,female,United Kingdom,18
805,1722,2078,770,73610,2025-03-15,Customer 805,female,China,70
806,1577,1902,910,54060,2025-03-16,Customer 806,male,Australia,41
807,1850,2214,1110,85000,2025-03-17,Customer 807,male,Canada,36
808,1447,1730,510,49030,2025-03-18,Customer 808,male,United Kingdom,70
809,1496,1800,780,63300,2025-03-19,Customer 809,female,United Kingdom,39
810,1679,2008,790,84300,2025-03-20,Customer 810,male,India,51
811,994,1194,1090,81390,2025-03-21,Customer 811,female,India,35
812,1354,1635,1270,95900,2025-03-22,Customer 812,male,Japan,24
813,1597,1918,1260,71830,2025-03-23,Customer 813,female,China,42
814,1873,2252,330,79310,2025-03-24,Customer 814,male,China,36
815,1218,1459,540,87890,2025-03-25,Customer 815,female,Germany,19
816,1458,1746,720,48610,2025-03-26,Customer 816,male,United States,40
817,1546,1860,670,73160,2025-03-27,Customer 817,female,China,37
818,1608,1962,770,36280,2025-03-28,Customer 818,male,United Kingdom,64
819,1822,2160,860,49720,2025-03-29,Customer 819,female,United Kingdom,63
820,1716,2038,410,44400,2025-03-30,Customer 820,male,Germany,48
821,1072,1296,900,47590,2025-03-31,Customer 821,male,Japan,57
822,1330,1604,480,51460,2025-04-01,Customer 822,male,India,62
823,1588,1892,540,57750,2025-04-02,Customer 823,female,Brazil,47
824,1425,1733,760,66000,2025-04-03,Customer 824,male,United Kingdom,52
825,1778,2133,280,45950,2025-04-04,Customer 825,male,Canada,36
826,1363,1630,1120,53900,2025-04-05,Customer 826,male,Japan,27
827,1609,1928,160,37920,2025-04-06,Customer 827,female,Germany,51
828,1671,2024,620,63100,2025-04-07,Customer 828,female,China,25
829,1379,1636,440,36770,2025-04-08,Customer 829,male,United Kingdom,39
830,1218,1452,870,43910,2025-04-09,Customer 830,female,Brazil,22
831,1724,2101,900,66390,2025-04-10,Customer 831,female,United States,43
832,986,1179,710,59160,2025-04-11,Customer 832,male,United States,33
833,1330,1606,590,38510,2025-04-12,Customer 833,male,Australia,38
834,1437,1725,910,46220,2025-04-13,Customer 834,female,Germany,64
835,1327,1609,1320,41500,2025-04-14,Customer 835,male,Japan,44
836,1651,2009,1000,58160,2025-04-15,Customer 836,male,Australia,69
837,1211,1462,670,38530,2025-04-16,Customer 837,male,Germany,25
838,1916,2277,610,55880,2025-04-17,Customer 838,female,Japan,45
839,1638,1937,1050,70940,2025-04-18,Customer 839,male,Brazil,40
840,1172,1413,480,53940,2025-04-19,Customer 840,female,Japan,37
841,1350,1606,770,43030,2025-04-20,Customer 841,female,France,65
842,1528,1843,340,59820,2025-04-21,Customer 842,female,Canada,38
843,1305,1557,580,55500,2025-04-22,Customer 843,female,Germany,69
844,1463,1751,900,49990,2025-04-23,Customer 844,female,United Kingdom,51
845,1409,1727,700,42980,2025-04-24,Customer 845,female,India,30
846,1419,1743,860,65970,2025-04-25,Customer 846,female,United Kingdom,37
847,1535,1819,540,59290,2025-04-26,Customer 847,female,Brazil,39
848,1474,1745,970,63020,2025-04-27,Customer 848,male,Canada,69
849,919,1099,1560,73810,2025-04-28,Customer 849,male,France,18
850,2067,2492,790,70230,2025-04-29,Customer 850,female,Canada,51
851,1977,2362,1020,59950,2025-04-30,Customer 851,male,United States,45
852,1293,1558,790,78100,2025-05-01,Customer 852,male,United Kingdom,67
853,1477,1790,880,16370,2025-05-02,Customer 853,male,United Kingdom,46
854,1582,1906,550,92640,2025-05-03,Customer 854,female,Canada,30
855,1481,1789,550,63540,2025-05-04,Customer 855,male,Brazil,50
856,1214,1455,950,87220,2025-05-05,Customer 856,male,United Kingdom,38
857,1206,1460,810,41990,2025-05-06,Customer 857,female,Australia,70
858,1653,1982,390,79410,2025-05-07,Customer 858,male,United States,60
859,1152,1393,860,54380,2025-05-08,Customer 859,male,United Kingdom,36
860,1458,1757,850,58600,2025-05-09,Customer 860,female,Brazil,32
861,1249,1510,660,48950,2025-05-10,Customer 861,female,United Kingdom,67
862,1939,2333,830,40670,2025-05-11,Customer 862,female,Germany,58
863,1591,1919,640,52340,2025-05-12,Customer 863,male,France,30
864,1180,1397,750,39140,2025-05-13,Customer 864,male,Brazil,41
865,1846,2195,1170,41090,2025-05-14,Customer 865,male,France,48
866,780,951,790,25600,2025-05-15,Customer 866,male,Canada,19
867,1565,1854,900,100900,2025-05-16,Customer 867,female,France,37
868,1648,1959,370,77080,2025-05-17,Customer 868,female,China,66
869,1775,2104,980,105150,2025-05-18,Customer 869,female,China,39
870,1439,1732,1170,80580,2025-05-19,Customer 870,male,India,47
871,1487,1776,800,46230,2025-05-20,Customer 871,male,India,29
872,1800,2158,1100,98260,2025-05-21,Customer 872,male,Brazil,50
873,1690,2024,1070,75930,2025-05-22,Customer 873,female,Australia,63
874,1209,1452,830,52050,2025-05-23,Customer 874,male,Brazil,67
875,1859,2222,1210,87000,2025-05-24,Customer 875,male,United States,44
876,1691,2023,540,60270,2025-05-25,Customer 876,female,China,50
877,1259,1493,100,88270,2025-05-26,Customer 877,male,United States,48
878,1771,2138,820,57820,2025-05-27,Customer 878,female,Brazil,32
879,1205,1468,1210,61210,2025-05-28,Customer 879,male,United Kingdom,69
880,1792,2131,810,76420,2025-05-29,Customer 880,female,Canada,49
881,1263,1516,780,70980,2025-05-30,Customer 881,female,India,20
882,1344,1605,1160,76740,2025-05-31,Customer 882,female,United Kingdom,40
883,1819,2187,590,47920,2025-06-01,Customer 883,male,Canada,24
884,1357,1625,1140,52160,2025-06-02,Customer 884,female,China,31
885,1396,1673,690,32740,2025-06-03,Customer 885,male,United Kingdom,58
886,1118,1337,560,72270,2025-06-04,Customer 886,female,Australia,61
887,1655,1986,1150,77430,2025-06-05,Customer 887,male,United States,37
888,1156,1398,140,92370,2025-06-06,Customer 888,male,United States,66
889,1451,1734,670,34880,2025-06-07,Customer 889,female,United States,27
890,1539,1829,650,46580,2025-06-08,Customer 890,male,India,54
891,1549,1851,1220,70620,2025-06-09,Customer 891,male,China,50
892,1582,1910,1080,66390,2025-06-10,Customer 892,female,France,68
893,1387,1663,850,82080,2025-06-11,Customer 893,male,France,44
894,1200,1436,1060,76440,2025-06-12,Customer 894,male,United Kingdom,39
895,1299,1560,770,96610,2025-06-13,Customer 895,female,United States,35
896,1174,1429,1110,54340,2025-06-14,Customer 896,male,Australia,53
